"","accession","year","city","trap","state","country","zone","date","host","lineage"
"1","CSU4030",2013,"FC","FC-031","CO","USA","SE",2013-06-25,"Mosquito-Culex",NA
"2","CSU4076",2013,"LV","LV-095","CO","USA","LV",2013-07-01,"Mosquito-Culex",NA
"3","CSU4091",2013,"FC","FC-039","CO","USA","SE",2013-07-02,"Mosquito-Culex",NA
"4","CSU4193",2013,"FC","FC-004","CO","USA","SE",2013-07-09,"Mosquito-Culex",NA
"5","CSU4209",2013,"FC","FC-066","CO","USA","NE",2013-07-09,"Mosquito-Culex",NA
"6","CSU4210",2013,"FC","FC-066","CO","USA","NE",2013-07-09,"Mosquito-Culex",NA
"7","CSU4234",2013,"FC","FC-027","CO","USA","SE",2013-07-09,"Mosquito-Culex",NA
"8","CSU4237",2013,"FC","FC-039","CO","USA","SE",2013-07-09,"Mosquito-Culex",NA
"9","CSU4243",2013,"LV","LV-089","CO","USA","LV",2013-07-09,"Mosquito-Culex",NA
"10","CSU4247",2013,"FC","FC-031","CO","USA","SE",2013-07-09,"Mosquito-Culex",NA
"11","CSU4253",2013,"FC","FC-046","CO","USA","SE",2013-07-09,"Mosquito-Culex",NA
"12","CSU4285",2013,"FC","FC-001","CO","USA","SW",2013-07-11,"Mosquito-Culex",NA
"13","CSU4289",2013,"LV","LV-102","CO","USA","LV",2013-07-11,"Mosquito-Culex",NA
"14","CSU4336",2013,"LV","LV-117","CO","USA","LV",2013-07-15,"Mosquito-Culex",NA
"15","CSU4352",2013,"LV","LV-095","CO","USA","LV",2013-07-15,"Mosquito-Culex",NA
"16","CSU4365",2013,"LV","LV-118","CO","USA","LV",2013-07-16,"Mosquito-Culex",NA
"17","CSU4372",2013,"FC","FC-053","CO","USA","SE",2013-07-16,"Mosquito-Culex",NA
"18","CSU4377",2013,"FC","FC-075","CO","USA","SE",2013-07-16,"Mosquito-Culex",NA
"19","CSU4384",2013,"FC","FC-075GR","CO","USA","SE",2013-07-16,"Mosquito-Culex",NA
"20","CSU4385",2013,"FC","FC-075GR","CO","USA","SE",2013-07-16,"Mosquito-Culex",NA
"21","CSU4391",2013,"LV","LV-074","CO","USA","LV",2013-07-16,"Mosquito-Culex",NA
"22","CSU4395",2013,"FC","FC-039","CO","USA","SE",2013-07-16,"Mosquito-Culex",NA
"23","CSU4396",2013,"FC","FC-039","CO","USA","SE",2013-07-16,"Mosquito-Culex",NA
"24","CSU4413",2013,"FC","FC-064","CO","USA","SE",2013-07-16,"Mosquito-Culex",NA
"25","CSU4434",2013,"LV","LV-089","CO","USA","LV",2013-07-16,"Mosquito-Culex",NA
"26","CSU4437",2013,"LV","LV-089","CO","USA","LV",2013-07-16,"Mosquito-Culex",NA
"27","CSU4439",2013,"FC","FC-047","CO","USA","SE",2013-07-16,"Mosquito-Culex",NA
"28","CSU4441",2013,"FC","FC-059","CO","USA","SE",2013-07-16,"Mosquito-Culex",NA
"29","CSU4450",2013,"FC","FC-031","CO","USA","SE",2013-07-16,"Mosquito-Culex",NA
"30","CSU4455",2013,"LV","LV-019","CO","USA","LV",2013-07-17,"Mosquito-Culex",NA
"31","CSU4456",2013,"LV","LV-019","CO","USA","LV",2013-07-17,"Mosquito-Culex",NA
"32","CSU4470",2013,"LV","LV-021 LV-042","CO","USA","LV",2013-07-17,"Mosquito-Culex",NA
"33","CSU4473",2013,"FC","FC-041","CO","USA","NW",2013-07-17,"Mosquito-Culex",NA
"34","CSU4474",2013,"FC","FC-041","CO","USA","NW",2013-07-17,"Mosquito-Culex",NA
"35","CSU4485",2013,"LV","LV-102","CO","USA","LV",2013-07-18,"Mosquito-Culex",NA
"36","CSU4488",2013,"LV","LV-FLOAT","CO","USA","LV",2013-07-18,"Mosquito-Culex",NA
"37","CSU4491",2013,"LV","LV-122","CO","USA","LV",2013-07-18,"Mosquito-Culex",NA
"38","CSU4496",2013,"LV","LV-098","CO","USA","LV",2013-07-18,"Mosquito-Culex",NA
"39","CSU4498",2013,"LV","LV-105","CO","USA","LV",2013-07-18,"Mosquito-Culex",NA
"40","CSU4501",2013,"FC","FC-054","CO","USA","SE",2013-07-18,"Mosquito-Culex",NA
"41","CSU4507",2013,"FC","FC-068","CO","USA","SW",2013-07-18,"Mosquito-Culex",NA
"42","CSU4509",2013,"FC","FC-057","CO","USA","SW",2013-07-18,"Mosquito-Culex",NA
"43","CSU4515",2013,"FC","FC-089GR","CO","USA","SW",2013-07-18,"Mosquito-Culex",NA
"44","CSU4522",2013,"FC","FC-029","CO","USA","SE",2013-07-18,"Mosquito-Culex",NA
"45","CSU4523",2013,"FC","FC-029","CO","USA","SE",2013-07-18,"Mosquito-Culex",NA
"46","CSU4535",2013,"FC","FC-072","CO","USA","NE",2013-07-22,"Mosquito-Culex",NA
"47","CSU4543",2013,"FC","FC-038","CO","USA","NE",2013-07-22,"Mosquito-Culex",NA
"48","CSU4556",2013,"LV","LV-089","CO","USA","LV",2013-07-22,"Mosquito-Culex",NA
"49","CSU4563",2013,"LV","LV-088","CO","USA","LV",2013-07-22,"Mosquito-Culex",NA
"50","CSU4566",2013,"LV","LV-069","CO","USA","LV",2013-07-22,"Mosquito-Culex",NA
"51","CSU4570",2013,"FC","FC-034","CO","USA","NE",2013-07-22,"Mosquito-Culex",NA
"52","CSU4588",2013,"LV","LV-095","CO","USA","LV",2013-07-22,"Mosquito-Culex",NA
"53","CSU4589",2013,"LV","LV-095","CO","USA","LV",2013-07-22,"Mosquito-Culex",NA
"54","CSU4592",2013,"FC","FC-036","CO","USA","NW",2013-07-22,"Mosquito-Culex",NA
"55","CSU4593",2013,"FC","FC-036","CO","USA","NW",2013-07-22,"Mosquito-Culex",NA
"56","CSU4598",2013,"FC","FC-047","CO","USA","SE",2013-07-23,"Mosquito-Culex",NA
"57","CSU4601",2013,"FC","FC-031","CO","USA","SE",2013-07-23,"Mosquito-Culex",NA
"58","CSU4606",2013,"FC","FC-046","CO","USA","SE",2013-07-23,"Mosquito-Culex",NA
"59","CSU4607",2013,"FC","FC-046","CO","USA","SE",2013-07-23,"Mosquito-Culex",NA
"60","CSU4626",2013,"FC","FC-039","CO","USA","SE",2013-07-23,"Mosquito-Culex",NA
"61","CSU4629",2013,"FC","FC-064","CO","USA","SE",2013-07-23,"Mosquito-Culex",NA
"62","CSU4632",2013,"FC","FC-059","CO","USA","SE",2013-07-23,"Mosquito-Culex",NA
"63","CSU4639",2013,"FC","FC-027","CO","USA","SE",2013-07-23,"Mosquito-Culex",NA
"64","CSU4641",2013,"FC","FC-027","CO","USA","SE",2013-07-23,"Mosquito-Culex",NA
"65","CSU4642",2013,"FC","FC-074","CO","USA","SE",2013-07-23,"Mosquito-Culex",NA
"66","CSU4643",2013,"FC","FC-023","CO","USA","SE",2013-07-23,"Mosquito-Culex",NA
"67","CSU4664",2013,"LV","LV-104","CO","USA","LV",2013-07-24,"Mosquito-Culex",NA
"68","CSU4684",2013,"FC","FC-093","CO","USA","SW",2013-07-25,"Mosquito-Culex",NA
"69","CSU4688",2013,"FC","FC-057","CO","USA","SW",2013-07-25,"Mosquito-Culex",NA
"70","CSU4689",2013,"FC","FC-057","CO","USA","SW",2013-07-25,"Mosquito-Culex",NA
"71","CSU4690",2013,"LV","LV-020","CO","USA","LV",2013-07-25,"Mosquito-Culex",NA
"72","CSU4693",2013,"FC","FC-029","CO","USA","SE",2013-07-25,"Mosquito-Culex",NA
"73","CSU4700",2013,"FC","FC-068","CO","USA","SW",2013-07-25,"Mosquito-Culex",NA
"74","CSU4701",2013,"FC","FC-068","CO","USA","SW",2013-07-25,"Mosquito-Culex",NA
"75","CSU4702",2013,"FC","FC-037","CO","USA","SW",2013-07-25,"Mosquito-Culex",NA
"76","CSU4703",2013,"FC","FC-037","CO","USA","SW",2013-07-25,"Mosquito-Culex",NA
"77","CSU4713",2013,"FC","FC-053","CO","USA","SE",2013-07-25,"Mosquito-Culex",NA
"78","CSU4714",2013,"FC","FC-053","CO","USA","SE",2013-07-25,"Mosquito-Culex",NA
"79","CSU4746",2013,"LV","LV-095","CO","USA","LV",2013-07-29,"Mosquito-Culex",NA
"80","CSU4756",2013,"LV","LV-110","CO","USA","LV",2013-07-30,"Mosquito-Culex",NA
"81","CSU4763",2013,"LV","LV-089","CO","USA","LV",2013-07-30,"Mosquito-Culex",NA
"82","CSU4768",2013,"LV","LV-101","CO","USA","LV",2013-07-30,"Mosquito-Culex",NA
"83","CSU4769",2013,"LV","LV-101","CO","USA","LV",2013-07-30,"Mosquito-Culex",NA
"84","CSU4776",2013,"FC","FC-014","CO","USA","NE",2013-07-30,"Mosquito-Culex",NA
"85","CSU4788",2013,"FC","FC-064","CO","USA","SE",2013-07-30,"Mosquito-Culex",NA
"86","CSU4808",2013,"FC","FC-031","CO","USA","SE",2013-07-30,"Mosquito-Culex",NA
"87","CSU4812",2013,"FC","FC-088GR","CO","USA","SE",2013-07-30,"Mosquito-Culex",NA
"88","CSU4813",2013,"FC","FC-088GR","CO","USA","SE",2013-07-30,"Mosquito-Culex",NA
"89","CSU4838",2013,"FC","FC-058","CO","USA","SW",2013-07-31,"Mosquito-Culex",NA
"90","CSU4842",2013,"LV","LV-087","CO","USA","LV",2013-07-31,"Mosquito-Culex",NA
"91","CSU4847",2013,"FC","FC-029","CO","USA","SE",2013-08-01,"Mosquito-Culex",NA
"92","CSU4854",2013,"FC","FC-089GR","CO","USA","SW",2013-08-01,"Mosquito-Culex",NA
"93","CSU4857",2013,"FC","FC-029GR","CO","USA","SE",2013-08-01,"Mosquito-Culex",NA
"94","CSU4858",2013,"FC","FC-057","CO","USA","SW",2013-08-01,"Mosquito-Culex",NA
"95","CSU4860",2013,"FC","FC-037","CO","USA","SW",2013-08-01,"Mosquito-Culex",NA
"96","CSU4862",2013,"FC","FC-054","CO","USA","SE",2013-08-01,"Mosquito-Culex",NA
"97","CSU4870",2013,"FC","FC-006","CO","USA","NE",2013-08-05,"Mosquito-Culex",NA
"98","CSU4875",2013,"FC","FC-019","CO","USA","NE",2013-08-05,"Mosquito-Culex",NA
"99","CSU4887",2013,"FC","FC-092GR","CO","USA","NE",2013-08-05,"Mosquito-Culex",NA
"100","CSU4899",2013,"FC","FC-040","CO","USA","NE",2013-08-05,"Mosquito-Culex",NA
"101","CSU4908",2013,"LV","LV-104","CO","USA","LV",2013-08-06,"Mosquito-Culex",NA
"102","CSU4911",2013,"FC","FC-039","CO","USA","SE",2013-08-06,"Mosquito-Culex",NA
"103","CSU4912",2013,"FC","FC-039","CO","USA","SE",2013-08-06,"Mosquito-Culex",NA
"104","CSU4916",2013,"LV","LV-089","CO","USA","LV",2013-08-06,"Mosquito-Culex",NA
"105","CSU4919",2013,"LV","LV-089","CO","USA","LV",2013-08-06,"Mosquito-Culex",NA
"106","CSU4924",2013,"FC","FC-075","CO","USA","SE",2013-08-06,"Mosquito-Culex",NA
"107","CSU4931",2013,"FC","FC-075GR","CO","USA","SE",2013-08-06,"Mosquito-Culex",NA
"108","CSU4932",2013,"FC","FC-075GR","CO","USA","SE",2013-08-06,"Mosquito-Culex",NA
"109","CSU4934",2013,"FC","FC-074","CO","USA","SE",2013-08-06,"Mosquito-Culex",NA
"110","CSU4936",2013,"FC","FC-088GR","CO","USA","SE",2013-08-06,"Mosquito-Culex",NA
"111","CSU4937",2013,"FC","FC-088GR","CO","USA","SE",2013-08-06,"Mosquito-Culex",NA
"112","CSU4940",2013,"LV","LV-101","CO","USA","LV",2013-08-06,"Mosquito-Culex",NA
"113","CSU4946",2013,"FC","FC-053","CO","USA","SE",2013-08-06,"Mosquito-Culex",NA
"114","CSU4947",2013,"FC","FC-053","CO","USA","SE",2013-08-06,"Mosquito-Culex",NA
"115","CSU4950",2013,"FC","FC-053","CO","USA","SE",2013-08-06,"Mosquito-Culex",NA
"116","CSU4955",2013,"LV","LV-118","CO","USA","LV",2013-08-06,"Mosquito-Culex",NA
"117","CSU4956",2013,"LV","LV-118","CO","USA","LV",2013-08-06,"Mosquito-Culex",NA
"118","CSU4960",2013,"FC","FC-023","CO","USA","SE",2013-08-06,"Mosquito-Culex",NA
"119","CSU4964",2013,"FC","FC-059","CO","USA","SE",2013-08-06,"Mosquito-Culex",NA
"120","CSU4965",2013,"FC","FC-059","CO","USA","SE",2013-08-06,"Mosquito-Culex",NA
"121","CSU4967",2013,"FC","FC-059","CO","USA","SE",2013-08-06,"Mosquito-Culex",NA
"122","CSU4974",2013,"FC","FC-046","CO","USA","SE",2013-08-06,"Mosquito-Culex",NA
"123","CSU4975",2013,"FC","FC-066","CO","USA","NE",2013-08-06,"Mosquito-Culex",NA
"124","CSU4978",2013,"FC","FC-066","CO","USA","NE",2013-08-06,"Mosquito-Culex",NA
"125","CSU4979",2013,"FC","FC-031","CO","USA","SE",2013-08-06,"Mosquito-Culex",NA
"126","CSU4981",2013,"FC","FC-031","CO","USA","SE",2013-08-06,"Mosquito-Culex",NA
"127","CSU4983",2013,"FC","FC-014","CO","USA","NE",2013-08-06,"Mosquito-Culex",NA
"128","CSU4987",2013,"LV","LV-095","CO","USA","LV",2013-08-06,"Mosquito-Culex",NA
"129","CSU4989",2013,"FC","FC-004","CO","USA","SE",2013-08-06,"Mosquito-Culex",NA
"130","CSU4991",2013,"FC","FC-004","CO","USA","SE",2013-08-06,"Mosquito-Culex",NA
"131","CSU4993",2013,"LV","LV-019","CO","USA","LV",2013-08-07,"Mosquito-Culex",NA
"132","CSU4994",2013,"LV","LV-114","CO","USA","LV",2013-08-07,"Mosquito-Culex",NA
"133","CSU4999",2013,"LV","LV-021 LV-042","CO","USA","LV",2013-08-07,"Mosquito-Culex",NA
"134","CSU5001",2013,"FC","FC-011","CO","USA","NW",2013-08-07,"Mosquito-Culex",NA
"135","CSU5003",2013,"FC","FC-061","CO","USA","NW",2013-08-07,"Mosquito-Culex",NA
"136","CSU5004",2013,"FC","FC-063GR","CO","USA","NW",2013-08-07,"Mosquito-Culex",NA
"137","CSU5005",2013,"FC","FC-041","CO","USA","NW",2013-08-07,"Mosquito-Culex",NA
"138","CSU5010",2013,"LV","LV-087","CO","USA","LV",2013-08-07,"Mosquito-Culex",NA
"139","CSU5024",2013,"LV","LV-105","CO","USA","LV",2013-08-08,"Mosquito-Culex",NA
"140","CSU5028",2013,"LV","LV-097","CO","USA","LV",2013-08-08,"Mosquito-Culex",NA
"141","CSU5032",2013,"FC","FC-093","CO","USA","SW",2013-08-08,"Mosquito-Culex",NA
"142","CSU5039",2013,"FC","FC-071","CO","USA","SW",2013-08-08,"Mosquito-Culex",NA
"143","CSU5049",2013,"FC","FC-006","CO","USA","NE",2013-08-12,"Mosquito-Culex",NA
"144","CSU5051",2013,"FC","FC-019","CO","USA","NE",2013-08-12,"Mosquito-Culex",NA
"145","CSU5059",2013,"FC","FC-038","CO","USA","NE",2013-08-12,"Mosquito-Culex",NA
"146","CSU5063",2013,"FC","FC-040","CO","USA","NE",2013-08-12,"Mosquito-Culex",NA
"147","CSU5070",2013,"FC","FC-069","CO","USA","NE",2013-08-12,"Mosquito-Culex",NA
"148","CSU5071",2013,"FC","FC-073","CO","USA","NW",2013-08-12,"Mosquito-Culex",NA
"149","CSU5073",2013,"FC","FC-072","CO","USA","NE",2013-08-12,"Mosquito-Culex",NA
"150","CSU5076",2013,"FC","FC-092GR","CO","USA","NE",2013-08-12,"Mosquito-Culex",NA
"151","CSU5078",2013,"FC","FC-031","CO","USA","SE",2013-08-13,"Mosquito-Culex",NA
"152","CSU5108",2013,"FC","FC-067","CO","USA","NE",2013-08-13,"Mosquito-Culex",NA
"153","CSU5111",2013,"FC","FC-053","CO","USA","SE",2013-08-13,"Mosquito-Culex",NA
"154","CSU5126",2013,"LV","LV-074GR","CO","USA","LV",2013-08-14,"Mosquito-Culex",NA
"155","CSU5142",2013,"FC","FC-049","CO","USA","NW",2013-08-14,"Mosquito-Culex",NA
"156","CSU5162",2013,"FC","FC-093","CO","USA","SW",2013-08-15,"Mosquito-Culex",NA
"157","CSU5166",2013,"LV","LV-102","CO","USA","LV",2013-08-16,"Mosquito-Culex",NA
"158","CSU5177",2013,"LV","LV-069","CO","USA","LV",2013-08-19,"Mosquito-Culex",NA
"159","CSU5181",2013,"LV","LV-078","CO","USA","LV",2013-08-19,"Mosquito-Culex",NA
"160","CSU5183",2013,"LV","LV-004","CO","USA","LV",2013-08-19,"Mosquito-Culex",NA
"161","CSU5193",2013,"FC","FC-061","CO","USA","NW",2013-08-19,"Mosquito-Culex",NA
"162","CSU5198",2013,"FC","FC-040","CO","USA","NE",2013-08-19,"Mosquito-Culex",NA
"163","CSU5200",2013,"FC","FC-066GR","CO","USA","NE",2013-08-19,"Mosquito-Culex",NA
"164","CSU5201",2013,"FC","FC-092GR","CO","USA","NE",2013-08-19,"Mosquito-Culex",NA
"165","CSU5210",2013,"FC","FC-014","CO","USA","NE",2013-08-19,"Mosquito-Culex",NA
"166","CSU5236",2013,"LV","LV-089","CO","USA","LV",2013-08-20,"Mosquito-Culex",NA
"167","CSU5243",2013,"LV","LV-074","CO","USA","LV",2013-08-20,"Mosquito-Culex",NA
"168","CSU5255",2013,"LV","LV-105","CO","USA","LV",2013-08-22,"Mosquito-Culex",NA
"169","CSU5266",2013,"FC","FC-075GR","CO","USA","SE",2013-08-22,"Mosquito-Culex",NA
"170","CSU5268",2013,"FC","FC-088GR","CO","USA","SE",2013-08-22,"Mosquito-Culex",NA
"171","CSU5269",2013,"FC","FC-004","CO","USA","SE",2013-08-22,"Mosquito-Culex",NA
"172","CSU5271",2013,"FC","FC-027","CO","USA","SE",2013-08-22,"Mosquito-Culex",NA
"173","CSU5274",2013,"FC","FC-050","CO","USA","SE",2013-08-22,"Mosquito-Culex",NA
"174","CSU5284",2013,"FC","FC-071","CO","USA","SW",2013-08-23,"Mosquito-Culex",NA
"175","CSU5297",2013,"FC","FC-049","CO","USA","NW",2013-08-23,"Mosquito-Culex",NA
"176","CSU5301",2013,"LV","LV-079GR","CO","USA","LV",2013-08-26,"Mosquito-Culex",NA
"177","CSU5306",2013,"LV","LV-117","CO","USA","LV",2013-08-26,"Mosquito-Culex",NA
"178","CSU5308",2013,"FC","FC-014","CO","USA","NE",2013-08-26,"Mosquito-Culex",NA
"179","CSU5313",2013,"FC","FC-038","CO","USA","NE",2013-08-26,"Mosquito-Culex",NA
"180","CSU5320",2013,"FC","FC-006","CO","USA","NE",2013-08-26,"Mosquito-Culex",NA
"181","CSU5325",2013,"FC","FC-072","CO","USA","NE",2013-08-26,"Mosquito-Culex",NA
"182","CSU5344",2013,"LV","LV-104","CO","USA","LV",2013-08-27,"Mosquito-Culex",NA
"183","CSU5349",2013,"FC","FC-059","CO","USA","SE",2013-08-27,"Mosquito-Culex",NA
"184","CSU5358",2013,"FC","FC-075","CO","USA","SE",2013-08-27,"Mosquito-Culex",NA
"185","CSU5359",2013,"FC","FC-075","CO","USA","SE",2013-08-27,"Mosquito-Culex",NA
"186","CSU5360",2013,"FC","FC-075GR","CO","USA","SE",2013-08-27,"Mosquito-Culex",NA
"187","CSU5361",2013,"FC","FC-088GR","CO","USA","SE",2013-08-27,"Mosquito-Culex",NA
"188","CSU5368",2013,"FC","FC-049","CO","USA","NW",2013-08-28,"Mosquito-Culex",NA
"189","CSU5369",2013,"FC","FC-049","CO","USA","NW",2013-08-28,"Mosquito-Culex",NA
"190","CSU5384",2013,"FC","FC-029GR","CO","USA","SE",2013-08-29,"Mosquito-Culex",NA
"191","CSU5385",2013,"FC","FC-037","CO","USA","SW",2013-08-29,"Mosquito-Culex",NA
"192","CSU5386",2013,"FC","FC-054","CO","USA","SE",2013-08-29,"Mosquito-Culex",NA
"193","CSU5392",2013,"FC","FC-093","CO","USA","SW",2013-08-29,"Mosquito-Culex",NA
"194","CSU5952",2014,"FC","FC-004","CO","USA","SE",2014-07-21,"Mosquito-Culex",NA
"195","CSU6017",2014,"FC","FC-039","CO","USA","SE",2014-07-22,"Mosquito-Culex",NA
"196","CSU6034",2014,"LV","LV-104","CO","USA","LV",2014-07-22,"Mosquito-Culex",NA
"197","CSU6058",2014,"LV","LV-123","CO","USA","LV",2014-07-22,"Mosquito-Culex",NA
"198","CSU6099",2014,"FC","FC-064","CO","USA","SE",2014-07-22,"Mosquito-Culex",NA
"199","CSU6189",2014,"FC","FC-053","CO","USA","SE",2014-07-28,"Mosquito-Culex",NA
"200","CSU6192",2014,"FC","FC-019","CO","USA","NE",2014-07-28,"Mosquito-Culex",NA
"201","CSU6194",2014,"FC","FC-069","CO","USA","NE",2014-07-28,"Mosquito-Culex",NA
"202","CSU6226",2014,"FC","FC-038","CO","USA","NE",2014-07-28,"Mosquito-Culex",NA
"203","CSU6262",2014,"FC","FC-072","CO","USA","NE",2014-07-28,"Mosquito-Culex",NA
"204","CSU6272",2014,"FC","FC-039","CO","USA","SE",2014-07-29,"Mosquito-Culex",NA
"205","CSU6290",2014,"LV","LV-089","CO","USA","LV",2014-07-29,"Mosquito-Culex",NA
"206","CSU6306",2014,"FC","FC-027","CO","USA","SE",2014-07-29,"Mosquito-Culex",NA
"207","CSU6318",2014,"FC","FC-064","CO","USA","SE",2014-07-29,"Mosquito-Culex",NA
"208","CSU6326",2014,"FC","FC-031","CO","USA","SE",2014-07-29,"Mosquito-Culex",NA
"209","CSU6327",2014,"FC","FC-031","CO","USA","SE",2014-07-29,"Mosquito-Culex",NA
"210","CSU6347",2014,"FC","FC-050","CO","USA","SE",2014-07-29,"Mosquito-Culex",NA
"211","CSU6354",2014,"FC","FC-040GR","CO","USA","NE",2014-08-04,"Mosquito-Culex",NA
"212","CSU6355",2014,"FC","FC-040GR","CO","USA","NE",2014-08-04,"Mosquito-Culex",NA
"213","CSU6371",2014,"LV","LV-079GR","CO","USA","LV",2014-08-04,"Mosquito-Culex",NA
"214","CSU6372",2014,"LV","LV-079GR","CO","USA","LV",2014-08-04,"Mosquito-Culex",NA
"215","CSU6377",2014,"FC","FC-038","CO","USA","NE",2014-08-04,"Mosquito-Culex",NA
"216","CSU6387",2014,"FC","FC-053","CO","USA","SE",2014-08-04,"Mosquito-Culex",NA
"217","CSU6389",2014,"FC","FC-053","CO","USA","SE",2014-08-04,"Mosquito-Culex",NA
"218","CSU6453",2014,"FC","FC-040","CO","USA","NE",2014-08-04,"Mosquito-Culex",NA
"219","CSU6485",2014,"FC","FC-088GR","CO","USA","SE",2014-08-05,"Mosquito-Culex",NA
"220","CSU6490",2014,"LV","LV-104","CO","USA","LV",2014-08-05,"Mosquito-Culex",NA
"221","CSU6492",2014,"LV","LV-077","CO","USA","LV",2014-08-05,"Mosquito-Culex",NA
"222","CSU6508",2014,"FC","FC-047","CO","USA","SE",2014-08-05,"Mosquito-Culex",NA
"223","CSU6534",2014,"FC","FC-074","CO","USA","SE",2014-08-05,"Mosquito-Culex",NA
"224","CSU6535",2014,"FC","FC-074","CO","USA","SE",2014-08-05,"Mosquito-Culex",NA
"225","CSU6537",2014,"FC","FC-031","CO","USA","SE",2014-08-05,"Mosquito-Culex",NA
"226","CSU6548",2014,"FC","FC-027","CO","USA","SE",2014-08-05,"Mosquito-Culex",NA
"227","CSU6556",2014,"LV","LV-067","CO","USA","LV",2014-08-06,"Mosquito-Culex",NA
"228","CSU6563",2014,"LV","LV-042","CO","USA","LV",2014-08-06,"Mosquito-Culex",NA
"229","CSU6569",2014,"FC","FC-039","CO","USA","SE",2014-08-06,"Mosquito-Culex",NA
"230","CSU6578",2014,"FC","FC-063","CO","USA","NW",2014-08-06,"Mosquito-Culex",NA
"231","CSU6579",2014,"FC","FC-041","CO","USA","NW",2014-08-06,"Mosquito-Culex",NA
"232","CSU6598",2014,"LV","LV-010GR","CO","USA","LV",2014-08-07,"Mosquito-Culex",NA
"233","CSU6599",2014,"LV","LV-010GR","CO","USA","LV",2014-08-07,"Mosquito-Culex",NA
"234","CSU6607",2014,"FC","FC-029GR","CO","USA","SE",2014-08-07,"Mosquito-Culex",NA
"235","CSU6618",2014,"FC","FC-062","CO","USA","SW",2014-08-07,"Mosquito-Culex",NA
"236","CSU6627",2014,"LV","LV-114","CO","USA","LV",2014-08-07,"Mosquito-Culex",NA
"237","CSU6628",2014,"LV","LV-114","CO","USA","LV",2014-08-07,"Mosquito-Culex",NA
"238","CSU6653",2014,"LV","LV-080","CO","USA","LV",2014-08-11,"Mosquito-Culex",NA
"239","CSU6691",2014,"FC","FC-006","CO","USA","NE",2014-08-11,"Mosquito-Culex",NA
"240","CSU6692",2014,"FC","FC-006","CO","USA","NE",2014-08-11,"Mosquito-Culex",NA
"241","CSU6708",2014,"LV","LV-074GR","CO","USA","LV",2014-08-12,"Mosquito-Culex",NA
"242","CSU6712",2014,"FC","FC-027","CO","USA","SE",2014-08-12,"Mosquito-Culex",NA
"243","CSU6732",2014,"FC","FC-023","CO","USA","SE",2014-08-12,"Mosquito-Culex",NA
"244","CSU6752",2014,"FC","FC-063GR","CO","USA","NW",2014-08-13,"Mosquito-Culex",NA
"245","CSU6762",2014,"LV","LV-019","CO","USA","LV",2014-08-13,"Mosquito-Culex",NA
"246","CSU6784",2014,"LV","LV-114","CO","USA","LV",2014-08-13,"Mosquito-Culex",NA
"247","CSU6800",2014,"LV","LV-010GR","CO","USA","LV",2014-08-14,"Mosquito-Culex",NA
"248","CSU6803",2014,"LV","LV-014","CO","USA","LV",2014-08-14,"Mosquito-Culex",NA
"249","CSU6807",2014,"FC","FC-029GR","CO","USA","SE",2014-08-14,"Mosquito-Culex",NA
"250","CSU6822",2014,"FC","FC-059","CO","USA","SE",2014-08-14,"Mosquito-Culex",NA
"251","CSU6825",2014,"FC","FC-029","CO","USA","SE",2014-08-14,"Mosquito-Culex",NA
"252","CSU6836",2014,"FC","FC-093","CO","USA","SW",2014-08-14,"Mosquito-Culex",NA
"253","CSU6841",2014,"LV","LV-095","CO","USA","LV",2014-08-18,"Mosquito-Culex",NA
"254","CSU6869",2014,"FC","FC-072","CO","USA","NE",2014-08-18,"Mosquito-Culex",NA
"255","CSU6892",2014,"FC","FC-006","CO","USA","NE",2014-08-18,"Mosquito-Culex",NA
"256","CSU6893",2014,"LV","LV-104","CO","USA","LV",2014-08-19,"Mosquito-Culex",NA
"257","CSU6933",2014,"FC","FC-088GR","CO","USA","SE",2014-08-20,"Mosquito-Culex",NA
"258","CSU6934",2014,"FC","FC-088GR","CO","USA","SE",2014-08-20,"Mosquito-Culex",NA
"259","CSU6937",2014,"FC","FC-053","CO","USA","SE",2014-08-20,"Mosquito-Culex",NA
"260","CSU6942",2014,"FC","FC-027","CO","USA","SE",2014-08-20,"Mosquito-Culex",NA
"261","CSU6944",2014,"FC","FC-027","CO","USA","SE",2014-08-20,"Mosquito-Culex",NA
"262","CSU6958",2014,"FC","FC-029GR","CO","USA","SE",2014-08-21,"Mosquito-Culex",NA
"263","CSU6961",2014,"FC","FC-029","CO","USA","SE",2014-08-21,"Mosquito-Culex",NA
"264","CSU6980",2014,"LV","LV-069","CO","USA","LV",2014-08-25,"Mosquito-Culex",NA
"265","CSU6989",2014,"LV","LV-095","CO","USA","LV",2014-08-25,"Mosquito-Culex",NA
"266","CSU7009",2014,"FC","FC-067","CO","USA","NE",2014-08-25,"Mosquito-Culex",NA
"267","CSU7013",2014,"FC","FC-039","CO","USA","SE",2014-08-26,"Mosquito-Culex",NA
"268","CSU7028",2014,"FC","FC-088GR","CO","USA","SE",2014-08-26,"Mosquito-Culex",NA
"269","CSU7300",2015,"FC","FC-067","CO","USA","NE",2015-06-29,"Mosquito-Culex",NA
"270","CSU7350",2015,"FC","FC-075GR","CO","USA","SE",2015-06-30,"Mosquito-Culex",NA
"271","CSU7506",2015,"FC","FC-014","CO","USA","NE",2015-07-08,"Mosquito-Culex",NA
"272","CSU7560",2015,"FC","FC-053","CO","USA","SE",2015-07-13,"Mosquito-Culex",NA
"273","CSU7616",2015,"FC","FC-040","CO","USA","NE",2015-07-13,"Mosquito-Culex",NA
"274","CSU7673",2015,"FC","FC-027","CO","USA","SE",2015-07-14,"Mosquito-Culex",NA
"275","CSU7676",2015,"FC","FC-027","CO","USA","SE",2015-07-14,"Mosquito-Culex",NA
"276","CSU7772",2015,"LV","LV-069","CO","USA","LV",2015-07-20,"Mosquito-Culex",NA
"277","CSU7945",2015,"FC","FC-040","CO","USA","NE",2015-07-27,"Mosquito-Culex",NA
"278","CSU7973",2015,"LV","LV-104","CO","USA","LV",2015-07-28,"Mosquito-Culex",NA
"279","CSU7975",2015,"LV","LV-110","CO","USA","LV",2015-07-28,"Mosquito-Culex",NA
"280","CSU7980",2015,"FC","FC-088GR","CO","USA","SE",2015-07-28,"Mosquito-Culex",NA
"281","CSU7992",2015,"FC","FC-075","CO","USA","SE",2015-07-28,"Mosquito-Culex",NA
"282","CSU7996",2015,"FC","FC-075GR","CO","USA","SE",2015-07-28,"Mosquito-Culex",NA
"283","CSU8003",2015,"FC","FC-027","CO","USA","SE",2015-07-28,"Mosquito-Culex",NA
"284","CSU8038",2015,"FC","FC-050","CO","USA","SE",2015-07-28,"Mosquito-Culex",NA
"285","CSU8054",2015,"LV","LV-020","CO","USA","LV",2015-07-29,"Mosquito-Culex",NA
"286","CSU8061",2015,"LV","LV-020","CO","USA","LV",2015-07-29,"Mosquito-Culex",NA
"287","CSU8067",2015,"FC","FC-073","CO","USA","NW",2015-07-29,"Mosquito-Culex",NA
"288","CSU8123",2015,"FC","FC-053","CO","USA","SE",2015-08-03,"Mosquito-Culex",NA
"289","CSU8127",2015,"FC","FC-014","CO","USA","NE",2015-08-03,"Mosquito-Culex",NA
"290","CSU8134",2015,"FC","FC-004","CO","USA","SE",2015-08-03,"Mosquito-Culex",NA
"291","CSU8136",2015,"FC","FC-067","CO","USA","NE",2015-08-03,"Mosquito-Culex",NA
"292","CSU8143",2015,"FC","FC-066","CO","USA","NE",2015-08-03,"Mosquito-Culex",NA
"293","CSU8144",2015,"FC","FC-066","CO","USA","NE",2015-08-03,"Mosquito-Culex",NA
"294","CSU8156",2015,"FC","FC-034","CO","USA","NE",2015-08-03,"Mosquito-Culex",NA
"295","CSU8165",2015,"FC","FC-040","CO","USA","NE",2015-08-03,"Mosquito-Culex",NA
"296","CSU8185",2015,"FC","FC-036","CO","USA","NW",2015-08-03,"Mosquito-Culex",NA
"297","CSU8223",2015,"FC","FC-031","CO","USA","SE",2015-08-04,"Mosquito-Culex",NA
"298","CSU8231",2015,"LV","LV-020","CO","USA","LV",2015-08-05,"Mosquito-Culex",NA
"299","CSU8256",2015,"FC","FC-063GR","CO","USA","NW",2015-08-05,"Mosquito-Culex",NA
"300","CSU8257",2015,"FC","FC-063GR","CO","USA","NW",2015-08-05,"Mosquito-Culex",NA
"301","CSU8278",2015,"FC","FC-089GR","CO","USA","SW",2015-08-06,"Mosquito-Culex",NA
"302","CSU8302",2015,"FC","FC-019","CO","USA","NE",2015-08-10,"Mosquito-Culex",NA
"303","CSU8304",2015,"FC","FC-092GR","CO","USA","NE",2015-08-10,"Mosquito-Culex",NA
"304","CSU8325",2015,"FC","FC-036","CO","USA","NW",2015-08-10,"Mosquito-Culex",NA
"305","CSU8336",2015,"FC","FC-074","CO","USA","SE",2015-08-11,"Mosquito-Culex",NA
"306","CSU8337",2015,"FC","FC-088GR","CO","USA","SE",2015-08-11,"Mosquito-Culex",NA
"307","CSU8339",2015,"FC","FC-088GR","CO","USA","SE",2015-08-11,"Mosquito-Culex",NA
"308","CSU8393",2015,"FC","FC-029GR","CO","USA","SE",2015-08-17,"Mosquito-Culex",NA
"309","CSU8394",2015,"FC","FC-029GR","CO","USA","SE",2015-08-18,"Mosquito-Culex",NA
"310","CSU8400",2015,"FC","FC-089GR","CO","USA","SW",2015-08-24,"Mosquito-Culex",NA
"311","CSU8411",2015,"FC","FC-053","CO","USA","SE",2015-08-17,"Mosquito-Culex",NA
"312","CSU8425",2015,"FC","FC-040","CO","USA","NE",2015-08-17,"Mosquito-Culex",NA
"313","CSU8427",2015,"FC","FC-040GR","CO","USA","NE",2015-08-17,"Mosquito-Culex",NA
"314","CSU8428",2015,"FC","FC-040GR","CO","USA","NE",2015-08-17,"Mosquito-Culex",NA
"315","CSU8436",2015,"FC","FC-092GR","CO","USA","NE",2015-08-17,"Mosquito-Culex",NA
"316","CSU8458",2015,"FC","FC-075GR","CO","USA","SE",2015-08-18,"Mosquito-Culex",NA
"317","CSU8467",2015,"FC","FC-088GR","CO","USA","SE",2015-08-18,"Mosquito-Culex",NA
"318","CSU8492",2015,"FC","FC-063GR","CO","USA","NW",2015-08-19,"Mosquito-Culex",NA
"319","CSU8495",2015,"FC","FC-029GR","CO","USA","SE",2015-08-20,"Mosquito-Culex",NA
"320","CSU8527",2015,"FC","FC-040GR","CO","USA","NE",2015-08-24,"Mosquito-Culex",NA
"321","CSU8528",2015,"FC","FC-040GR","CO","USA","NE",2015-08-24,"Mosquito-Culex",NA
"322","CSU8537",2015,"FC","FC-072","CO","USA","NE",2015-08-24,"Mosquito-Culex",NA
"323","CSU8558",2015,"FC","FC-075GR","CO","USA","SE",2015-08-25,"Mosquito-Culex",NA
"324","CSU8564",2015,"FC","FC-088GR","CO","USA","SE",2015-08-25,"Mosquito-Culex",NA
"325","CSU8565",2015,"FC","FC-088GR","CO","USA","SE",2015-08-25,"Mosquito-Culex",NA
"326","CSU8566",2015,"FC","FC-088GR","CO","USA","SE",2015-08-25,"Mosquito-Culex",NA
"327","CSU8567",2015,"FC","FC-088GR","CO","USA","SE",2015-08-25,"Mosquito-Culex",NA
"328","CSU8568",2015,"FC","FC-088GR","CO","USA","SE",2015-08-25,"Mosquito-Culex",NA
"329","CSU8569",2015,"FC","FC-088GR","CO","USA","SE",2015-08-25,"Mosquito-Culex",NA
"330","CSU8573",2015,"FC","FC-059","CO","USA","SE",2015-08-25,"Mosquito-Culex",NA
"331","CSU8583",2015,"FC","FC-046","CO","USA","SE",2015-08-25,"Mosquito-Culex",NA
"332","CSU8595",2015,"FC","FC-090GR","CO","USA","NW",2015-08-26,"Mosquito-Culex",NA
"333","CSU8609",2015,"FC","FC-063GR","CO","USA","NW",2015-08-26,"Mosquito-Culex",NA
"334","CSU8611",2015,"FC","FC-063GR","CO","USA","NW",2015-08-26,"Mosquito-Culex",NA
"335","CSU8612",2015,"FC","FC-063GR","CO","USA","NW",2015-08-26,"Mosquito-Culex",NA
"336","CSU8613",2015,"FC","FC-063GR","CO","USA","NW",2015-08-26,"Mosquito-Culex",NA
"337","CSU8615",2015,"FC","FC-063GR","CO","USA","NW",2015-08-26,"Mosquito-Culex",NA
"338","CSU8617",2015,"FC","FC-063GR","CO","USA","NW",2015-08-26,"Mosquito-Culex",NA
"339","CSU8618",2015,"FC","FC-089GR","CO","USA","SW",2015-08-27,"Mosquito-Culex",NA
"340","CSU8627",2015,"FC","FC-029GR","CO","USA","SE",2015-08-27,"Mosquito-Culex",NA
"341","CSU8636",2015,"LV","LV-020","CO","USA","LV",2015-08-31,"Mosquito-Culex",NA
"342","CSU8639",2015,"LV","LV-069","CO","USA","LV",2015-08-31,"Mosquito-Culex",NA
"343","CSU8649",2015,"FC","FC-053","CO","USA","SE",2015-08-31,"Mosquito-Culex",NA
"344","CSU8659",2015,"FC","FC-040GR","CO","USA","NE",2015-08-31,"Mosquito-Culex",NA
"345","CSU8660",2015,"FC","FC-040GR","CO","USA","NE",2015-08-31,"Mosquito-Culex",NA
"346","CSU8667",2015,"FC","FC-092GR","CO","USA","NE",2015-08-31,"Mosquito-Culex",NA
"347","CSU8668",2015,"FC","FC-092GR","CO","USA","NE",2015-08-31,"Mosquito-Culex",NA
"348","CSU8688",2015,"FC","FC-088GR","CO","USA","SE",2015-09-01,"Mosquito-Culex",NA
"349","CSU8701",2015,"FC","FC-046","CO","USA","SE",2015-09-01,"Mosquito-Culex",NA
"350","CSU8723",2015,"FC","FC-063GR","CO","USA","NW",2015-09-02,"Mosquito-Culex",NA
"351","CSU8724",2015,"FC","FC-089GR","CO","USA","SW",2015-09-03,"Mosquito-Culex",NA
"352","CSU8725",2015,"FC","FC-089GR","CO","USA","SW",2015-09-03,"Mosquito-Culex",NA
"353","CSU8727",2015,"FC","FC-029GR","CO","USA","SE",2015-09-03,"Mosquito-Culex",NA
"354","CSU8747",2015,"FC","FC-092GR","CO","USA","NE",2015-09-07,"Mosquito-Culex",NA
"355","CSU8759",2015,"FC","FC-006","CO","USA","NE",2015-09-07,"Mosquito-Culex",NA
"356","CSU8802",2015,"FC","FC-063GR","CO","USA","NW",2015-09-09,"Mosquito-Culex",NA
"357","CSU8834",2015,"FC","FC-066","CO","USA","NE",2015-09-15,"Mosquito-Culex",NA
"358","CSU8858",2015,"FC","FC-029GR","CO","USA","SE",2015-09-16,"Mosquito-Culex",NA
"359","CSU9037",2016,"LV","LV-020","CO","USA","LV",2016-06-29,"Mosquito-Culex",NA
"360","CSU9184",2016,"FC","FC-092GR","CO","USA","NE",2016-07-11,"Mosquito-Culex",NA
"361","CSU9297",2016,"LV","LV-095","CO","USA","LV",2016-07-18,"Mosquito-Culex",NA
"362","CSU9310",2016,"FC","FC-040GR","CO","USA","NE",2016-07-18,"Mosquito-Culex",NA
"363","CSU9322",2016,"FC","FC-036","CO","USA","NW",2016-07-18,"Mosquito-Culex",NA
"364","CSU9401",2016,"FC","FC-029GR","CO","USA","SE",2016-07-21,"Mosquito-Culex",NA
"365","CSU9421",2016,"LV","LV-069","CO","USA","LV",2016-07-25,"Mosquito-Culex",NA
"366","CSU9465",2016,"FC","FC-039","CO","USA","SE",2016-07-26,"Mosquito-Culex",NA
"367","CSU9467",2016,"FC","FC-039","CO","USA","SE",2016-07-26,"Mosquito-Culex",NA
"368","CSU9468",2016,"FC","FC-053","CO","USA","SE",2016-07-26,"Mosquito-Culex",NA
"369","CSU9472",2016,"FC","FC-064","CO","USA","SE",2016-07-26,"Mosquito-Culex",NA
"370","CSU9475",2016,"FC","FC-075GR","CO","USA","SE",2016-07-26,"Mosquito-Culex",NA
"371","CSU9476",2016,"FC","FC-075GR","CO","USA","SE",2016-07-26,"Mosquito-Culex",NA
"372","CSU9489",2016,"FC","FC-027","CO","USA","SE",2016-07-26,"Mosquito-Culex",NA
"373","CSU9494",2016,"FC","FC-069","CO","USA","NE",2016-07-27,"Mosquito-Culex",NA
"374","CSU9505",2016,"LV","LV-020","CO","USA","LV",2016-07-27,"Mosquito-Culex",NA
"375","CSU9535",2016,"FC","FC-029GR","CO","USA","SE",2016-07-28,"Mosquito-Culex",NA
"376","CSU9537",2016,"FC","FC-054","CO","USA","SE",2016-07-28,"Mosquito-Culex",NA
"377","CSU9562",2016,"FC","FC-040","CO","USA","NE",2016-08-01,"Mosquito-Culex",NA
"378","CSU9566",2016,"FC","FC-066","CO","USA","NE",2016-08-01,"Mosquito-Culex",NA
"379","CSU9567",2016,"FC","FC-036","CO","USA","NW",2016-08-01,"Mosquito-Culex",NA
"380","CSU9571",2016,"FC","FC-006","CO","USA","NE",2016-08-01,"Mosquito-Culex",NA
"381","CSU9573",2016,"FC","FC-066GR","CO","USA","NE",2016-08-01,"Mosquito-Culex",NA
"382","CSU9591",2016,"FC","FC-040GR","CO","USA","NE",2016-08-02,"Mosquito-Culex",NA
"383","CSU9594",2016,"FC","FC-031","CO","USA","SE",2016-08-02,"Mosquito-Culex",NA
"384","CSU9602",2016,"FC","FC-053","CO","USA","SE",2016-08-02,"Mosquito-Culex",NA
"385","CSU9676",2016,"FC","FC-066GR","CO","USA","NE",2016-08-08,"Mosquito-Culex",NA
"386","CSU9678",2016,"FC","FC-038","CO","USA","NE",2016-08-08,"Mosquito-Culex",NA
"387","CSU9679",2016,"FC","FC-014","CO","USA","NE",2016-08-08,"Mosquito-Culex",NA
"388","CSU9686",2016,"FC","FC-066","CO","USA","NE",2016-08-08,"Mosquito-Culex",NA
"389","CSU9699",2016,"LV","LV-069","CO","USA","LV",2016-08-08,"Mosquito-Culex",NA
"390","CSU9708",2016,"FC","FC-067","CO","USA","NE",2016-08-08,"Mosquito-Culex",NA
"391","CSU9711",2016,"FC","FC-063GR","CO","USA","NW",2016-08-09,"Mosquito-Culex",NA
"392","CSU9737",2016,"LV","LV-104","CO","USA","LV",2016-08-09,"Mosquito-Culex",NA
"393","CSU9738",2016,"LV","LV-104","CO","USA","LV",2016-08-09,"Mosquito-Culex",NA
"394","CSU9740",2016,"FC","FC-073","CO","USA","NW",2016-08-10,"Mosquito-Culex",NA
"395","CSU9745",2016,"FC","FC-036","CO","USA","NW",2016-08-10,"Mosquito-Culex",NA
"396","CSU9748",2016,"FC","FC-040GR","CO","USA","NE",2016-08-10,"Mosquito-Culex",NA
"397","CSU9752",2016,"FC","FC-075GR","CO","USA","SE",2016-08-10,"Mosquito-Culex",NA
"398","CSU9757",2016,"FC","FC-064","CO","USA","SE",2016-08-10,"Mosquito-Culex",NA
"399","CSU9761",2016,"FC","FC-088GR","CO","USA","SE",2016-08-10,"Mosquito-Culex",NA
"400","CSU9762",2016,"FC","FC-088GR","CO","USA","SE",2016-08-10,"Mosquito-Culex",NA
"401","CSU9763",2016,"FC","FC-088GR","CO","USA","SE",2016-08-10,"Mosquito-Culex",NA
"402","CSU9767",2016,"FC","FC-004","CO","USA","SE",2016-08-10,"Mosquito-Culex",NA
"403","CSU9772",2016,"FC","FC-027","CO","USA","SE",2016-08-10,"Mosquito-Culex",NA
"404","CSU9776",2016,"FC","FC-027","CO","USA","SE",2016-08-10,"Mosquito-Culex",NA
"405","CSU9790",2016,"FC","FC-029GR","CO","USA","SE",2016-08-11,"Mosquito-Culex",NA
"406","CSU9797",2016,"FC","FC-093","CO","USA","SW",2016-08-11,"Mosquito-Culex",NA
"407","CSU9800",2016,"FC","FC-089GR","CO","USA","SW",2016-08-11,"Mosquito-Culex",NA
"408","CSU9805",2016,"FC","FC-037","CO","USA","SW",2016-08-11,"Mosquito-Culex",NA
"409","CSU9808",2016,"FC","FC-069","CO","USA","NE",2016-08-15,"Mosquito-Culex",NA
"410","CSU9813",2016,"LV","LV-069","CO","USA","LV",2016-08-15,"Mosquito-Culex",NA
"411","CSU9819",2016,"FC","FC-040GR","CO","USA","NE",2016-08-15,"Mosquito-Culex",NA
"412","CSU9820",2016,"FC","FC-040GR","CO","USA","NE",2016-08-15,"Mosquito-Culex",NA
"413","CSU9826",2016,"FC","FC-034","CO","USA","NE",2016-08-15,"Mosquito-Culex",NA
"414","CSU9828",2016,"FC","FC-036","CO","USA","NW",2016-08-15,"Mosquito-Culex",NA
"415","CSU9831",2016,"FC","FC-006","CO","USA","NE",2016-08-15,"Mosquito-Culex",NA
"416","CSU9836",2016,"FC","FC-066GR","CO","USA","NE",2016-08-15,"Mosquito-Culex",NA
"417","CSU9838",2016,"FC","FC-066GR","CO","USA","NE",2016-08-15,"Mosquito-Culex",NA
"418","CSU9841",2016,"FC","FC-092GR","CO","USA","NE",2016-08-15,"Mosquito-Culex",NA
"419","CSU9845",2016,"FC","FC-091GR","CO","USA","NE",2016-08-15,"Mosquito-Culex",NA
"420","CSU9846",2016,"FC","FC-091GR","CO","USA","NE",2016-08-15,"Mosquito-Culex",NA
"421","CSU9854",2016,"FC","FC-067","CO","USA","NE",2016-08-15,"Mosquito-Culex",NA
"422","CSU9858",2016,"FC","FC-067","CO","USA","NE",2016-08-15,"Mosquito-Culex",NA
"423","CSU9862",2016,"LV","LV-089","CO","USA","LV",2016-08-16,"Mosquito-Culex",NA
"424","CSU9868",2016,"FC","FC-075GR","CO","USA","SE",2016-08-16,"Mosquito-Culex",NA
"425","CSU9869",2016,"FC","FC-075GR","CO","USA","SE",2016-08-16,"Mosquito-Culex",NA
"426","CSU9873",2016,"FC","FC-075","CO","USA","SE",2016-08-16,"Mosquito-Culex",NA
"427","CSU9875",2016,"FC","FC-088GR","CO","USA","SE",2016-08-16,"Mosquito-Culex",NA
"428","CSU9876",2016,"FC","FC-074","CO","USA","SE",2016-08-16,"Mosquito-Culex",NA
"429","CSU9877",2016,"FC","FC-004","CO","USA","SE",2016-08-16,"Mosquito-Culex",NA
"430","CSU9880",2016,"FC","FC-027","CO","USA","SE",2016-08-16,"Mosquito-Culex",NA
"431","CSU9904",2016,"FC","FC-090GR","CO","USA","NW",2016-08-17,"Mosquito-Culex",NA
"432","CSU9913",2016,"FC","FC-049","CO","USA","NW",2016-08-17,"Mosquito-Culex",NA
"433","CSU9921",2016,"FC","FC-089GR","CO","USA","SW",2016-08-18,"Mosquito-Culex",NA
"434","CSU9930",2016,"FC","FC-093","CO","USA","SW",2016-08-18,"Mosquito-Culex",NA
"435","CSU9949",2016,"LV","LV-069","CO","USA","LV",2016-08-22,"Mosquito-Culex",NA
"436","CSU9952",2016,"LV","LV-079GR","CO","USA","LV",2016-08-22,"Mosquito-Culex",NA
"437","CSU9954",2016,"LV","LV-074GR","CO","USA","LV",2016-08-23,"Mosquito-Culex",NA
"438","CSU9955",2016,"LV","LV-074GR","CO","USA","LV",2016-08-23,"Mosquito-Culex",NA
"439","CSU9957",2016,"FC","FC-031","CO","USA","SE",2016-08-23,"Mosquito-Culex",NA
"440","CSU9961",2016,"FC","FC-047","CO","USA","SE",2016-08-23,"Mosquito-Culex",NA
"441","CSU9976",2016,"FC","FC-059","CO","USA","SE",2016-08-23,"Mosquito-Culex",NA
"442","CSU9981",2016,"FC","FC-088GR","CO","USA","SE",2016-08-23,"Mosquito-Culex",NA
"443","CSU9984",2016,"FC","FC-075GR","CO","USA","SE",2016-08-23,"Mosquito-Culex",NA
"444","CSU9991",2016,"LV","LV-020","CO","USA","LV",2016-08-24,"Mosquito-Culex",NA
"445","CSU9999",2016,"FC","FC-090GR","CO","USA","NW",2016-08-24,"Mosquito-Culex",NA
"446","CSU10000",2016,"FC","FC-090GR","CO","USA","NW",2016-08-24,"Mosquito-Culex",NA
"447","CSU10001",2016,"FC","FC-090GR","CO","USA","NW",2016-08-24,"Mosquito-Culex",NA
"448","CSU10006",2016,"FC","FC-063GR","CO","USA","NW",2016-08-24,"Mosquito-Culex",NA
"449","CSU10024",2016,"FC","FC-040","CO","USA","NE",2016-08-25,"Mosquito-Culex",NA
"450","CSU10224",2016,"FC","FC-090GR","CO","USA","NW",2016-09-15,"Mosquito-Culex",NA
"451","CSU10610",2017,"FC","FC-053","CO","USA","SE",2017-07-11,"Mosquito-Culex",NA
"452","CSU10613",2017,"FC","FC-053","CO","USA","SE",2017-07-11,"Mosquito-Culex",NA
"453","CSU10669",2017,"BE","LC-053","CO","USA","LC",2017-07-12,"Mosquito-Culex",NA
"454","CSU10672",2017,"BE","LC-053","CO","USA","LC",2017-07-12,"Mosquito-Culex",NA
"455","CSU10710",2017,"FC","FC-040GR","CO","USA","NE",2017-07-17,"Mosquito-Culex",NA
"456","CSU10766",2017,"FC","FC-053","CO","USA","SE",2017-07-18,"Mosquito-Culex",NA
"457","CSU10774",2017,"FC","FC-004","CO","USA","SE",2017-07-18,"Mosquito-Culex",NA
"458","CSU10804",2017,"BE","LC-054","CO","USA","LC",2017-07-19,"Mosquito-Culex",NA
"459","CSU10808",2017,"LV","LV-020","CO","USA","LV",2017-07-19,"Mosquito-Culex",NA
"460","CSU10812",2017,"BE","LC-001","CO","USA","LC",2017-07-19,"Mosquito-Culex",NA
"461","CSU10879",2017,"LV","LV-095","CO","USA","LV",2017-07-24,"Mosquito-Culex",NA
"462","CSU10888",2017,"FC","FC-092GR","CO","USA","NE",2017-07-24,"Mosquito-Culex",NA
"463","CSU10892",2017,"FC","FC-072","CO","USA","NE",2017-07-24,"Mosquito-Culex",NA
"464","CSU10911",2017,"FC","FC-031","CO","USA","SE",2017-07-25,"Mosquito-Culex",NA
"465","CSU10938",2017,"FC","FC-088GR","CO","USA","SE",2017-07-25,"Mosquito-Culex",NA
"466","CSU10968",2017,"FC","FC-041","CO","USA","NW",2017-07-26,"Mosquito-Culex",NA
"467","CSU11010",2017,"FC","FC-067","CO","USA","NE",2017-07-31,"Mosquito-Culex",NA
"468","CSU11025",2017,"FC","FC-092GR","CO","USA","NE",2017-07-31,"Mosquito-Culex",NA
"469","CSU11045",2017,"FC","FC-039","CO","USA","SE",2017-08-01,"Mosquito-Culex",NA
"470","CSU11046",2017,"FC","FC-064","CO","USA","SE",2017-08-01,"Mosquito-Culex",NA
"471","CSU11049",2017,"FC","FC-031","CO","USA","SE",2017-08-01,"Mosquito-Culex",NA
"472","CSU11071",2017,"FC","FC-088GR","CO","USA","SE",2017-08-01,"Mosquito-Culex",NA
"473","CSU11072",2017,"FC","FC-088GR","CO","USA","SE",2017-08-01,"Mosquito-Culex",NA
"474","CSU11073",2017,"FC","FC-088GR","CO","USA","SE",2017-08-01,"Mosquito-Culex",NA
"475","CSU11076",2017,"FC","FC-088GR","CO","USA","SE",2017-08-01,"Mosquito-Culex",NA
"476","CSU11080",2017,"FC","FC-027","CO","USA","SE",2017-08-01,"Mosquito-Culex",NA
"477","CSU11099",2017,"FC","FC-060","CO","USA","SW",2017-08-02,"Mosquito-Culex",NA
"478","CSU11116",2017,"FC","FC-001","CO","USA","SW",2017-08-03,"Mosquito-Culex",NA
"479","CSU11135",2017,"FC","FC-038","CO","USA","NE",2017-08-07,"Mosquito-Culex",NA
"480","CSU11165",2017,"FC","FC-039","CO","USA","SE",2017-08-08,"Mosquito-Culex",NA
"481","CSU11175",2017,"FC","FC-088GR","CO","USA","SE",2017-08-08,"Mosquito-Culex",NA
"482","CSU11217",2017,"FC","FC-093","CO","USA","SW",2017-08-10,"Mosquito-Culex",NA
"483","CSU11225",2017,"LV","LV-069","CO","USA","LV",2017-08-14,"Mosquito-Culex",NA
"484","CSU11241",2017,"FC","FC-040GR","CO","USA","NE",2017-08-14,"Mosquito-Culex",NA
"485","CSU11247",2017,"FC","FC-072","CO","USA","NE",2017-08-14,"Mosquito-Culex",NA
"486","CSU11262",2017,"FC","FC-088GR","CO","USA","SE",2017-08-15,"Mosquito-Culex",NA
"487","CSU11264",2017,"FC","FC-075GR","CO","USA","SE",2017-08-15,"Mosquito-Culex",NA
"488","CSU11265",2017,"FC","FC-004","CO","USA","SE",2017-08-15,"Mosquito-Culex",NA
"489","CSU11327",2017,"FC","FC-036","CO","USA","NW",2017-08-21,"Mosquito-Culex",NA
"490","CSU11355",2017,"BE","LC-049","CO","USA","LC",2017-08-23,"Mosquito-Culex",NA
"491","CSU11358",2017,"FC","FC-088GR","CO","USA","SE",2017-08-23,"Mosquito-Culex",NA
"492","CSU11359",2017,"BE","LC-054","CO","USA","LC",2017-08-23,"Mosquito-Culex",NA
"493","CSU11361",2017,"BE","LC-053","CO","USA","LC",2017-08-23,"Mosquito-Culex",NA
"494","CSU11373",2017,"FC","FC-050","CO","USA","SE",2017-08-23,"Mosquito-Culex",NA
"495","CSU11443",2017,"FC","FC-075GR","CO","USA","SE",2017-08-29,"Mosquito-Culex",NA
"496","CSU11511",2017,"FC","FC-088GR","CO","USA","SE",2017-09-06,"Mosquito-Culex",NA
"497","CSU11990",2018,"BE","LC-054","CO","USA","LC",2018-07-11,"Mosquito-Culex",NA
"498","CSU12001",2018,"FC","FC-089GR","CO","USA","SW",2018-07-12,"Mosquito-Culex",NA
"499","CSU12036",2018,"LV","LV-110","CO","USA","LV",2018-07-17,"Mosquito-Culex",NA
"500","CSU12092",2018,"FC","FC-093","CO","USA","SW",2018-07-19,"Mosquito-Culex",NA
"501","CSU12093",2018,"FC","FC-029GR","CO","USA","SE",2018-07-19,"Mosquito-Culex",NA
"502","CSU12107",2018,"LV","LV-095","CO","USA","LV",2018-07-23,"Mosquito-Culex",NA
"503","CSU12147",2018,"FC","FC-050","CO","USA","SE",2018-07-24,"Mosquito-Culex",NA
"504","CSU12168",2018,"BE","LC-054","CO","USA","LC",2018-07-25,"Mosquito-Culex",NA
"505","CSU12173",2018,"FC","FC-063GR","CO","USA","NW",2018-07-25,"Mosquito-Culex",NA
"506","CSU12174",2018,"FC","FC-063GR","CO","USA","NW",2018-07-25,"Mosquito-Culex",NA
"507","CSU12175",2018,"FC","FC-063GR","CO","USA","NW",2018-07-25,"Mosquito-Culex",NA
"508","CSU12330",2018,"LV","LV-095","CO","USA","LV",2018-08-06,"Mosquito-Culex",NA
"509","CSU12338",2018,"FC","FC-092GR","CO","USA","NE",2018-08-06,"Mosquito-Culex",NA
"510","CSU12371",2018,"FC","FC-088GR","CO","USA","SE",2018-08-07,"Mosquito-Culex",NA
"511","CSU12401",2018,"BE","LC-001","CO","USA","LC",2018-08-08,"Mosquito-Culex",NA
"512","CSU12413",2018,"FC","FC-063GR","CO","USA","NW",2018-08-08,"Mosquito-Culex",NA
"513","CSU12416",2018,"FC","FC-075GR","CO","USA","SE",2018-08-08,"Mosquito-Culex",NA
"514","CSU12417",2018,"FC","FC-075GR","CO","USA","SE",2018-08-08,"Mosquito-Culex",NA
"515","CSU12418",2018,"FC","FC-075GR","CO","USA","SE",2018-08-08,"Mosquito-Culex",NA
"516","CSU12419",2018,"FC","FC-075GR","CO","USA","SE",2018-08-08,"Mosquito-Culex",NA
"517","CSU12427",2018,"FC","FC-011","CO","USA","NW",2018-08-08,"Mosquito-Culex",NA
"518","CSU12439",2018,"FC","FC-089GR","CO","USA","SW",2018-08-09,"Mosquito-Culex",NA
"519","CSU12445",2018,"FC","FC-029GR","CO","USA","SE",2018-08-09,"Mosquito-Culex",NA
"520","CSU12450",2018,"LV","LV-069","CO","USA","LV",2018-08-13,"Mosquito-Culex",NA
"521","CSU12459",2018,"FC","FC-040","CO","USA","NE",2018-08-13,"Mosquito-Culex",NA
"522","CSU12460",2018,"FC","FC-066","CO","USA","NE",2018-08-13,"Mosquito-Culex",NA
"523","CSU12466",2018,"FC","FC-040GR","CO","USA","NE",2018-08-13,"Mosquito-Culex",NA
"524","CSU12493",2018,"FC","FC-067","CO","USA","NE",2018-08-13,"Mosquito-Culex",NA
"525","CSU12497",2018,"FC","FC-067","CO","USA","NE",2018-08-13,"Mosquito-Culex",NA
"526","CSU12506",2018,"FC","FC-046","CO","USA","SE",2018-08-14,"Mosquito-Culex",NA
"527","CSU12509",2018,"FC","FC-039","CO","USA","SE",2018-08-14,"Mosquito-Culex",NA
"528","CSU12512",2018,"FC","FC-004","CO","USA","SE",2018-08-14,"Mosquito-Culex",NA
"529","CSU12519",2018,"FC","FC-075GR","CO","USA","SE",2018-08-14,"Mosquito-Culex",NA
"530","CSU12528",2018,"FC","FC-088GR","CO","USA","SE",2018-08-14,"Mosquito-Culex",NA
"531","CSU12529",2018,"FC","FC-088GR","CO","USA","SE",2018-08-14,"Mosquito-Culex",NA
"532","CSU12530",2018,"FC","FC-088GR","CO","USA","SE",2018-08-14,"Mosquito-Culex",NA
"533","CSU12531",2018,"LV","LV-020","CO","USA","LV",2018-08-15,"Mosquito-Culex",NA
"534","CSU12532",2018,"FC","FC-090GR","CO","USA","NW",2018-08-15,"Mosquito-Culex",NA
"535","CSU12543",2018,"FC","FC-049","CO","USA","NW",2018-08-15,"Mosquito-Culex",NA
"536","CSU12554",2018,"FC","FC-041","CO","USA","NW",2018-08-15,"Mosquito-Culex",NA
"537","CSU12563",2018,"FC","FC-029GR","CO","USA","SE",2018-08-16,"Mosquito-Culex",NA
"538","CSU12565",2018,"FC","FC-029GR","CO","USA","SE",2018-08-16,"Mosquito-Culex",NA
"539","CSU12567",2018,"FC","FC-093","CO","USA","SW",2018-08-16,"Mosquito-Culex",NA
"540","CSU12573",2018,"FC","FC-037","CO","USA","SW",2018-08-16,"Mosquito-Culex",NA
"541","CSU12575",2018,"FC","FC-037","CO","USA","SW",2018-08-16,"Mosquito-Culex",NA
"542","CSU12580",2018,"FC","FC-066GR","CO","USA","NE",2018-08-20,"Mosquito-Culex",NA
"543","CSU12581",2018,"FC","FC-091GR","CO","USA","NE",2018-08-20,"Mosquito-Culex",NA
"544","CSU12589",2018,"FC","FC-036","CO","USA","NW",2018-08-20,"Mosquito-Culex",NA
"545","CSU12599",2018,"FC","FC-069","CO","USA","NE",2018-08-20,"Mosquito-Culex",NA
"546","CSU12614",2018,"FC","FC-046","CO","USA","SE",2018-08-21,"Mosquito-Culex",NA
"547","CSU12623",2018,"FC","FC-088GR","CO","USA","SE",2018-08-21,"Mosquito-Culex",NA
"548","CSU12625",2018,"FC","FC-047","CO","USA","SE",2018-08-21,"Mosquito-Culex",NA
"549","CSU12632",2018,"FC","FC-027","CO","USA","SE",2018-08-21,"Mosquito-Culex",NA
"550","CSU12650",2018,"FC","FC-041","CO","USA","NW",2018-08-22,"Mosquito-Culex",NA
"551","CSU12658",2018,"FC","FC-063","CO","USA","NW",2018-08-22,"Mosquito-Culex",NA
"552","CSU12669",2018,"FC","FC-062","CO","USA","SW",2018-08-23,"Mosquito-Culex",NA
"553","CSU12677",2018,"FC","FC-029","CO","USA","SE",2018-08-23,"Mosquito-Culex",NA
"554","CSU12706",2018,"FC","FC-011","CO","USA","NW",2018-08-28,"Mosquito-Culex",NA
"555","CSU12726",2018,"FC","FC-089GR","CO","USA","SW",2018-08-29,"Mosquito-Culex",NA
"556","CSU12730",2018,"FC","FC-039","CO","USA","SE",2018-08-29,"Mosquito-Culex",NA
"557","CSU12731",2018,"FC","FC-064","CO","USA","SE",2018-08-29,"Mosquito-Culex",NA
"558","CSU12735",2018,"FC","FC-075","CO","USA","SE",2018-08-29,"Mosquito-Culex",NA
"559","CSU12737",2018,"FC","FC-088GR","CO","USA","SE",2018-08-29,"Mosquito-Culex",NA
"560","CSU12738",2018,"FC","FC-075GR","CO","USA","SE",2018-08-29,"Mosquito-Culex",NA
"561","CSU12739",2018,"FC","FC-075GR","CO","USA","SE",2018-08-29,"Mosquito-Culex",NA
"562","CSU12744",2018,"FC","FC-027","CO","USA","SE",2018-08-29,"Mosquito-Culex",NA
"563","CSU12750",2018,"FC","FC-050","CO","USA","SE",2018-08-29,"Mosquito-Culex",NA
"564","CSU12755",2018,"FC","FC-034","CO","USA","NE",2018-08-30,"Mosquito-Culex",NA
"565","CSU12768",2018,"FC","FC-091GR","CO","USA","NE",2018-08-30,"Mosquito-Culex",NA
"566","CSU12776",2018,"FC","FC-092GR","CO","USA","NE",2018-08-30,"Mosquito-Culex",NA
"567","CSU12779",2018,"FC","FC-067","CO","USA","NE",2018-08-30,"Mosquito-Culex",NA
"568","CSU12782",2018,"FC","FC-040GR","CO","USA","NE",2018-08-30,"Mosquito-Culex",NA
"569","CSU12790",2018,"FC","FC-067","CO","USA","NE",2018-09-04,"Mosquito-Culex",NA
"570","CSU12803",2018,"FC","FC-091GR","CO","USA","NE",2018-09-04,"Mosquito-Culex",NA
"571","CSU12825",2018,"FC","FC-090GR","CO","USA","NW",2018-09-05,"Mosquito-Culex",NA
"572","CSU12865",2018,"FC","FC-093","CO","USA","SW",2018-09-06,"Mosquito-Culex",NA
"573","CSU12868",2018,"FC","FC-092GR","CO","USA","NE",2018-09-11,"Mosquito-Culex",NA
"574","CSU12871",2018,"FC","FC-040GR","CO","USA","NE",2018-09-11,"Mosquito-Culex",NA
"575","CSU12890",2018,"FC","FC-075GR","CO","USA","SE",2018-09-11,"Mosquito-Culex",NA
"576","CSU12892",2018,"FC","FC-075GR","CO","USA","SE",2018-09-11,"Mosquito-Culex",NA
"577","CSU12894",2018,"FC","FC-090GR","CO","USA","NW",2018-09-12,"Mosquito-Culex",NA
"578","CSU12900",2018,"FC","FC-063GR","CO","USA","NW",2018-09-12,"Mosquito-Culex",NA
"579","CSU13776",2019,"LV","LV-069","CO","USA","LV",2019-08-18,"Mosquito-Culex",NA
"580","CSU13782",2019,"FC","FC-092GR","CO","USA","NE",2019-08-18,"Mosquito-Culex",NA
"581","CSU13791",2019,"FC","FC-066","CO","USA","NE",2019-08-18,"Mosquito-Culex",NA
"582","CSU13798",2019,"FC","FC-053","CO","USA","SE",2019-08-19,"Mosquito-Culex",NA
"583","CSU13804",2019,"FC","FC-075GR","CO","USA","SE",2019-08-19,"Mosquito-Culex",NA
"584","CSU13808",2019,"FC","FC-088GR","CO","USA","SE",2019-08-19,"Mosquito-Culex",NA
"585","CSU13810",2019,"FC","FC-088GR","CO","USA","SE",2019-08-19,"Mosquito-Culex",NA
"586","CSU13831",2019,"FC","FC-061","CO","USA","NW",2019-08-20,"Mosquito-Culex",NA
"587","CSU13866",2019,"FC","FC-089GR","CO","USA","SW",2019-08-21,"Mosquito-Culex",NA
"588","CSU13877",2019,"FC","FC-034","CO","USA","NE",2019-08-25,"Mosquito-Culex",NA
"589","CSU13878",2019,"FC","FC-034","CO","USA","NE",2019-08-25,"Mosquito-Culex",NA
"590","CSU13880",2019,"LV","LV-095","CO","USA","LV",2019-08-25,"Mosquito-Culex",NA
"591","CSU13884",2019,"FC","FC-069","CO","USA","NE",2019-08-25,"Mosquito-Culex",NA
"592","CSU13886",2019,"FC","FC-040","CO","USA","NE",2019-08-25,"Mosquito-Culex",NA
"593","CSU13889",2019,"FC","FC-036","CO","USA","NW",2019-08-25,"Mosquito-Culex",NA
"594","CSU13894",2019,"FC","FC-072","CO","USA","NE",2019-08-25,"Mosquito-Culex",NA
"595","CSU13913",2019,"FC","FC-050","CO","USA","SE",2019-08-26,"Mosquito-Culex",NA
"596","CSU13931",2019,"FC","FC-075GR","CO","USA","SE",2019-08-26,"Mosquito-Culex",NA
"597","CSU13947",2019,"FC","FC-063GR","CO","USA","NW",2019-08-27,"Mosquito-Culex",NA
"598","CSU13954",2019,"LV","LV-020","CO","USA","LV",2019-08-27,"Mosquito-Culex",NA
"599","CSU13985",2019,"FC","FC-040","CO","USA","NE",2019-09-01,"Mosquito-Culex",NA
"600","CSU13999",2019,"FC","FC-066GR","CO","USA","NE",2019-09-01,"Mosquito-Culex",NA
"601","CSU14000",2019,"FC","FC-066GR","CO","USA","NE",2019-09-01,"Mosquito-Culex",NA
"602","CSU14002",2019,"FC","FC-066","CO","USA","NE",2019-09-01,"Mosquito-Culex",NA
"603","CSU14013",2019,"FC","FC-075GR","CO","USA","SE",2019-09-02,"Mosquito-Culex",NA
"604","CSU14047",2019,"FC","FC-063GR","CO","USA","NW",2019-09-03,"Mosquito-Culex",NA
"605","CSU14055",2019,"FC","FC-029GR","CO","USA","SE",2019-09-04,"Mosquito-Culex",NA
"606","CSU14077",2019,"FC","FC-088GR","CO","USA","SE",2019-09-09,"Mosquito-Culex",NA
"607","CSU14641",2020,"FC","FC-039","CO","USA","SE",2020-07-21,"Mosquito-Culex",NA
"608","CSU14775",2020,"FC","FC-088GR","CO","USA","SE",2020-07-28,"Mosquito-Culex",NA
"609","CSU14827",2020,"BE","LC-055","CO","USA","LC",2020-07-29,"Mosquito-Culex",NA
"610","CSU14907",2020,"FC","FC-088GR","CO","USA","SE",2020-08-04,"Mosquito-Culex",NA
"611","CSU14932",2020,"LV","LV-020","CO","USA","LV",2020-08-05,"Mosquito-Culex",NA
"612","CSU14940",2020,"FC","FC-037","CO","USA","SW",2020-08-06,"Mosquito-Culex",NA
"613","CSU14954",2020,"FC","FC-089GR","CO","USA","SW",2020-08-06,"Mosquito-Culex",NA
"614","CSU14964",2020,"FC","FC-066GR","CO","USA","NE",2020-08-10,"Mosquito-Culex",NA
"615","CSU14974",2020,"LV","LV-095","CO","USA","LV",2020-08-10,"Mosquito-Culex",NA
"616","CSU15001",2020,"FC","FC-046","CO","USA","SE",2020-08-11,"Mosquito-Culex",NA
"617","CSU15012",2020,"FC","FC-053","CO","USA","SE",2020-08-11,"Mosquito-Culex",NA
"618","CSU15019",2020,"FC","FC-004","CO","USA","SE",2020-08-11,"Mosquito-Culex",NA
"619","CSU15024",2020,"FC","FC-027","CO","USA","SE",2020-08-11,"Mosquito-Culex",NA
"620","CSU15025",2020,"FC","FC-027","CO","USA","SE",2020-08-11,"Mosquito-Culex",NA
"621","CSU15058",2020,"FC","FC-049","CO","USA","NW",2020-08-12,"Mosquito-Culex",NA
"622","CSU15061",2020,"BE","LC-053","CO","USA","LC",2020-08-12,"Mosquito-Culex",NA
"623","CSU15126",2020,"FC","FC-053","CO","USA","SE",2020-08-18,"Mosquito-Culex",NA
"624","CSU15129",2020,"FC","FC-075GR","CO","USA","SE",2020-08-18,"Mosquito-Culex",NA
"625","CSU15130",2020,"FC","FC-075GR","CO","USA","SE",2020-08-18,"Mosquito-Culex",NA
"626","CSU15131",2020,"FC","FC-075GR","CO","USA","SE",2020-08-18,"Mosquito-Culex",NA
"627","CSU15135",2020,"FC","FC-004","CO","USA","SE",2020-08-18,"Mosquito-Culex",NA
"628","CSU15137",2020,"FC","FC-027","CO","USA","SE",2020-08-18,"Mosquito-Culex",NA
"629","CSU15138",2020,"FC","FC-027","CO","USA","SE",2020-08-18,"Mosquito-Culex",NA
"630","CSU15142",2020,"FC","FC-059","CO","USA","SE",2020-08-18,"Mosquito-Culex",NA
"631","CSU15150",2020,"FC","FC-088GR","CO","USA","SE",2020-08-18,"Mosquito-Culex",NA
"632","CSU15153",2020,"FC","FC-088GR","CO","USA","SE",2020-08-18,"Mosquito-Culex",NA
"633","CSU15181",2020,"FC","FC-063GR","CO","USA","NW",2020-08-19,"Mosquito-Culex",NA
"634","CSU15193",2020,"FC","FC-001","CO","USA","SW",2020-08-20,"Mosquito-Culex",NA
"635","CSU15200",2020,"FC","FC-029GR","CO","USA","SE",2020-08-20,"Mosquito-Culex",NA
"636","CSU15214",2020,"FC","FC-066GR","CO","USA","NE",2020-08-24,"Mosquito-Culex",NA
"637","CSU15223",2020,"FC","FC-040GR","CO","USA","NE",2020-08-24,"Mosquito-Culex",NA
"638","CSU15258",2020,"FC","FC-075GR","CO","USA","SE",2020-08-25,"Mosquito-Culex",NA
"639","CSU15267",2020,"FC","FC-088GR","CO","USA","SE",2020-08-25,"Mosquito-Culex",NA
"640","CSU15269",2020,"FC","FC-088GR","CO","USA","SE",2020-08-25,"Mosquito-Culex",NA
"641","CSU15300",2020,"FC","FC-029GR","CO","USA","SE",2020-08-27,"Mosquito-Culex",NA
"642","CSU15303",2020,"FC","FC-089GR","CO","USA","SW",2020-08-27,"Mosquito-Culex",NA
"643","CSU15334",2020,"LV","LV-020","CO","USA","LV",2020-09-01,"Mosquito-Culex",NA
"644","CSU15900",2021,"FC","FC-031","CO","USA","SE",2021-07-12,"Mosquito-Culex",NA
"645","CSU16031",2021,"FC","FC-029","CO","USA","SE",2021-07-14,"Mosquito-Culex",NA
"646","BOU00025",2021,"BC","BC-09","CO","USA","BC",2021-07-12,"Mosquito-Culex",NA
"647","CSU16036",2021,"LV","LV-069","CO","USA","LV",2021-07-18,"Mosquito-Culex",NA
"648","CSU16137",2021,"FC","FC-074","CO","USA","SE",2021-07-19,"Mosquito-Culex",NA
"649","CSU16146",2021,"FC","FC-075","CO","USA","SE",2021-07-19,"Mosquito-Culex",NA
"650","CSU16186",2021,"BE","LC-053","CO","USA","LC",2021-07-20,"Mosquito-Culex",NA
"651","CSU16297",2021,"LV","LV-089","CO","USA","LV",2021-07-26,"Mosquito-Culex",NA
"652","CSU16312",2021,"FC","FC-064","CO","USA","SE",2021-07-26,"Mosquito-Culex",NA
"653","CSU16316",2021,"FC","FC-064","CO","USA","SE",2021-07-26,"Mosquito-Culex",NA
"654","CSU16323",2021,"FC","FC-004","CO","USA","SE",2021-07-26,"Mosquito-Culex",NA
"655","CSU16337",2021,"FC","FC-088GR","CO","USA","SE",2021-07-26,"Mosquito-Culex",NA
"656","CSU16344",2021,"FC","FC-074","CO","USA","SE",2021-07-26,"Mosquito-Culex",NA
"657","CSU16347",2021,"FC","FC-027","CO","USA","SE",2021-07-26,"Mosquito-Culex",NA
"658","CSU16389",2021,"BE","LC-053","CO","USA","LC",2021-07-27,"Mosquito-Culex",NA
"659","CSU16403",2021,"BE","LC-054","CO","USA","LC",2021-07-27,"Mosquito-Culex",NA
"660","CSU16447",2021,"FC","FC-062","CO","USA","SW",2021-07-28,"Mosquito-Culex",NA
"661","CSU16450",2021,"FC","FC-093","CO","USA","SW",2021-07-28,"Mosquito-Culex",NA
"662","CSU16461",2021,"FC","FC-029GR","CO","USA","SE",2021-07-28,"Mosquito-Culex",NA
"663","CSU16485",2021,"LV","LV-069","CO","USA","LV",2021-08-01,"Mosquito-Culex",NA
"664","CSU16498",2021,"FC","FC-034","CO","USA","NE",2021-08-01,"Mosquito-Culex",NA
"665","CSU16535",2021,"FC","FC-066","CO","USA","NE",2021-08-01,"Mosquito-Culex",NA
"666","CSU16549",2021,"LV","LV-089","CO","USA","LV",2021-08-02,"Mosquito-Culex",NA
"667","CSU16555",2021,"FC","FC-075GR","CO","USA","SE",2021-08-02,"Mosquito-Culex",NA
"668","CSU16562",2021,"FC","FC-039","CO","USA","SE",2021-08-02,"Mosquito-Culex",NA
"669","CSU16566",2021,"FC","FC-075","CO","USA","SE",2021-08-02,"Mosquito-Culex",NA
"670","CSU16577",2021,"FC","FC-027","CO","USA","SE",2021-08-02,"Mosquito-Culex",NA
"671","CSU16580",2021,"FC","FC-027","CO","USA","SE",2021-08-02,"Mosquito-Culex",NA
"672","CSU16582",2021,"FC","FC-053","CO","USA","SE",2021-08-02,"Mosquito-Culex",NA
"673","CSU16590",2021,"FC","FC-074","CO","USA","SE",2021-08-02,"Mosquito-Culex",NA
"674","CSU16593",2021,"FC","FC-004","CO","USA","SE",2021-08-02,"Mosquito-Culex",NA
"675","CSU16605",2021,"BE","LC-049","CO","USA","LC",2021-08-03,"Mosquito-Culex",NA
"676","CSU16631",2021,"FC","FC-054","CO","USA","SE",2021-08-04,"Mosquito-Culex",NA
"677","CSU16650",2021,"FC","FC-089GR","CO","USA","SW",2021-08-04,"Mosquito-Culex",NA
"678","CSU16653",2021,"FC","FC-089GR","CO","USA","SW",2021-08-04,"Mosquito-Culex",NA
"679","CSU16656",2021,"FC","FC-037","CO","USA","SW",2021-08-04,"Mosquito-Culex",NA
"680","BOU00038",2021,"BC","BC-18","CO","USA","BC",2021-08-02,"Mosquito-Culex",NA
"681","CSU16658",2021,"LV","LV-069","CO","USA","LV",2021-08-08,"Mosquito-Culex",NA
"682","CSU16673",2021,"FC","FC-040GR","CO","USA","NE",2021-08-08,"Mosquito-Culex",NA
"683","CSU16674",2021,"FC","FC-040GR","CO","USA","NE",2021-08-08,"Mosquito-Culex",NA
"684","CSU16677",2021,"FC","FC-036","CO","USA","NW",2021-08-08,"Mosquito-Culex",NA
"685","CSU16683",2021,"FC","FC-006","CO","USA","NE",2021-08-08,"Mosquito-Culex",NA
"686","CSU16692",2021,"FC","FC-066","CO","USA","NE",2021-08-08,"Mosquito-Culex",NA
"687","CSU16712",2021,"FC","FC-066GR","CO","USA","NE",2021-08-08,"Mosquito-Culex",NA
"688","CSU16722",2021,"FC","FC-039","CO","USA","SE",2021-08-09,"Mosquito-Culex",NA
"689","CSU16728",2021,"FC","FC-027","CO","USA","SE",2021-08-09,"Mosquito-Culex",NA
"690","CSU16739",2021,"FC","FC-050","CO","USA","SE",2021-08-09,"Mosquito-Culex",NA
"691","CSU16740",2021,"FC","FC-046","CO","USA","SE",2021-08-09,"Mosquito-Culex",NA
"692","CSU16741",2021,"FC","FC-046","CO","USA","SE",2021-08-09,"Mosquito-Culex",NA
"693","CSU16742",2021,"FC","FC-074","CO","USA","SE",2021-08-09,"Mosquito-Culex",NA
"694","CSU16748",2021,"FC","FC-075GR","CO","USA","SE",2021-08-09,"Mosquito-Culex",NA
"695","CSU16750",2021,"FC","FC-088GR","CO","USA","SE",2021-08-09,"Mosquito-Culex",NA
"696","CSU16753",2021,"LV","LV-020","CO","USA","LV",2021-08-10,"Mosquito-Culex",NA
