csu_id,trap_id,year,week,trap_date,county,method,genus,spp,sex,no_gravid,no_deplete,total,test_code,seq
CSU5952,FC-004,2014,30,2014-07-21,Larimer,Light,Cx,tarsalis,F,0,50,50,1,1
CSU6017,FC-039,2014,30,2014-07-22,Larimer,Light,Cx,tarsalis,F,0,43,43,1,1
CSU6034,LV-104,2014,30,2014-07-22,Larimer,Light,Cx,tarsalis,F,0,50,50,1,1
CSU6058,LV-123,2014,30,2014-07-22,Larimer,Light,Cx,tarsalis,F,0,50,50,1,1
CSU6099,FC-064,2014,30,2014-07-22,Larimer,Light,Cx,tarsalis,F,0,50,50,1,1
CSU7300,FC-067,2015,26,2015-06-29,LC,LIGHT,Cx.,tarsalis,F,0,50,50,1,1
CSU7350,FC-075gr,2015,26,2015-06-30,LC,GRAVID,Cx.,pipiens,F,33,0,33,1,1
CSU7506,FC-014,2015,27,2015-07-08,LC,LIGHT,Cx.,tarsalis,F,0,42,42,1,1
CSU7560,FC-053,2015,28,2015-07-13,LC,LIGHT,Cx.,tarsalis,F,0,50,50,1,1
CSU7616,FC-040,2015,28,2015-07-13,LC,LIGHT,Cx.,tarsalis,F,0,50,50,1,1
CSU7673,FC-027,2015,28,2015-07-14,LC,LIGHT,Cx.,tarsalis,F,0,50,50,1,1
CSU7676,FC-027,2015,28,2015-07-14,LC,LIGHT,Cx.,tarsalis,F,0,50,50,1,1
CSU7772,LV-069,2015,29,2015-07-20,LC,LIGHT,Cx.,tarsalis,F,0,50,50,1,1
CSU7789,FC-036,2015,29,2015-07-20,LC,LIGHT,Cx.,pipiens,F,0,44,44,1,0
CSU7945,FC-040,2015,30,2015-07-27,LC,LIGHT,Cx.,tarsalis,F,0,50,50,1,1
CSU7973,LV-104,2015,30,2015-07-28,LC,LIGHT,Cx.,tarsalis,F,0,23,23,1,1
CSU7975,LV-110,2015,30,2015-07-28,LC,LIGHT,Cx.,tarsalis,F,0,50,50,1,1
CSU7980,FC-088gr,2015,30,2015-07-28,LC,GRAVID,Cx.,pipiens,F,50,0,50,1,1
CSU7986,FC-064,2015,30,2015-07-28,LC,LIGHT,Cx.,tarsalis,F,0,50,50,1,0
CSU7992,FC-075,2015,30,2015-07-28,LC,LIGHT,Cx.,pipiens,F,0,22,22,1,1
CSU7996,FC-075gr,2015,30,2015-07-28,LC,GRAVID,Cx.,pipiens,F,42,0,42,1,1
CSU8003,FC-027,2015,30,2015-07-28,LC,LIGHT,Cx.,tarsalis,F,0,50,50,1,1
CSU8038,FC-050,2015,30,2015-07-28,LC,LIGHT,Cx.,tarsalis,F,0,50,50,1,1
CSU8054,LV-020,2015,30,2015-07-29,LC,LIGHT,Cx.,tarsalis,F,0,50,50,1,1
CSU8061,LV-020,2015,30,2015-07-29,LC,LIGHT,Cx.,tarsalis,F,0,47,47,1,1
CSU8067,FC-073,2015,30,2015-07-29,LC,LIGHT,Cx.,tarsalis,F,0,30,30,1,1
CSU8123,FC-053,2015,31,2015-08-03,LC,LIGHT,Cx.,tarsalis,F,0,50,50,1,1
CSU8127,FC-014,2015,31,2015-08-03,LC,LIGHT,Cx.,tarsalis,F,0,50,50,1,1
CSU8134,FC-004,2015,31,2015-08-03,LC,LIGHT,Cx.,pipiens,F,0,33,33,1,1
CSU8136,FC-067,2015,31,2015-08-03,LC,LIGHT,Cx.,tarsalis,F,0,50,50,1,1
CSU8140,LV-069,2015,31,2015-08-03,LC,LIGHT,Cx.,tarsalis,F,0,50,50,1,0
CSU8141,LV-069,2015,31,2015-08-03,LC,LIGHT,Cx.,tarsalis,F,0,28,28,1,0
CSU8143,FC-066,2015,31,2015-08-03,LC,LIGHT,Cx.,tarsalis,F,0,50,50,1,1
CSU8144,FC-066,2015,31,2015-08-03,LC,LIGHT,Cx.,tarsalis,F,0,50,50,1,1
CSU8156,FC-034,2015,31,2015-08-03,LC,LIGHT,Cx.,tarsalis,F,0,50,50,1,1
CSU8165,FC-040,2015,31,2015-08-03,LC,LIGHT,Cx.,tarsalis,F,0,50,50,1,1
CSU8185,FC-036,2015,31,2015-08-03,LC,LIGHT,Cx.,pipiens,F,0,20,20,1,1
CSU8223,FC-031,2015,31,2015-08-04,LC,LIGHT,Cx.,tarsalis,F,0,8,8,1,1
CSU8231,LV-020,2015,31,2015-08-05,LC,LIGHT,Cx.,tarsalis,F,0,35,35,1,1
CSU8256,FC-063gr,2015,31,2015-08-05,LC,GRAVID,Cx.,pipiens,F,50,0,50,1,1
CSU8257,FC-063gr,2015,31,2015-08-05,LC,GRAVID,Cx.,pipiens,F,50,0,50,1,1
CSU8278,FC-089gr,2015,31,2015-08-06,LC,GRAVID,Cx.,pipiens,F,50,0,50,1,1
CSU8302,FC-019,2015,32,2015-08-10,LC,LIGHT,Cx.,tarsalis,F,0,49,49,1,1
CSU8304,FC-092gr,2015,32,2015-08-10,LC,GRAVID,Cx.,pipiens,F,40,0,40,1,1
CSU8315,FC-006,2015,32,2015-08-10,LC,LIGHT,Cx.,pipiens,F,0,19,19,1,0
CSU8325,FC-036,2015,32,2015-08-10,LC,LIGHT,Cx.,tarsalis,F,0,50,50,1,1
CSU8336,FC-074,2015,32,2015-08-11,LC,LIGHT,Cx.,pipiens,F,0,2,2,1,1
CSU8337,FC-088gr,2015,32,2015-08-11,LC,GRAVID,Cx.,pipiens,F,50,0,50,1,1
CSU8339,FC-088gr,2015,32,2015-08-11,LC,GRAVID,Cx.,pipiens,F,33,0,33,1,1
CSU8393,FC-029gr,2015,32,2015-08-17,LC,GRAVID,Cx.,pipiens,F,50,0,50,1,1
CSU8394,FC-029gr,2015,32,2015-08-18,LC,GRAVID,Cx.,pipiens,F,27,0,27,1,1
CSU8400,FC-089gr,2015,32,2015-08-24,LC,GRAVID,Cx.,pipiens,F,40,0,40,1,1
CSU8411,FC-053,2015,33,2015-08-17,LC,LIGHT,Cx.,pipiens,F,0,8,8,1,1
CSU8425,FC-040,2015,33,2015-08-17,LC,LIGHT,Cx.,pipiens,F,0,37,37,1,1
CSU8427,FC-040gr,2015,33,2015-08-17,LC,GRAVID,Cx.,pipiens,F,50,0,50,1,1
CSU8428,FC-040gr,2015,33,2015-08-17,LC,GRAVID,Cx.,pipiens,F,50,0,50,1,1
CSU8436,FC-092gr,2015,33,2015-08-17,LC,GRAVID,Cx.,pipiens,F,50,0,50,1,1
CSU8458,FC-075gr,2015,33,2015-08-18,LC,GRAVID,Cx.,pipiens,F,50,0,50,1,1
CSU8467,FC-088gr,2015,33,2015-08-18,LC,GRAVID,Cx.,pipiens,F,50,0,50,1,1
CSU8492,FC-063gr,2015,33,2015-08-19,LC,GRAVID,Cx.,pipiens,F,11,0,11,1,1
CSU8495,FC-029gr,2015,33,2015-08-20,LC,GRAVID,Cx.,pipiens,F,43,0,43,1,1
CSU8527,FC-040gr,2015,34,2015-08-24,LC,GRAVID,Cx.,pipiens,F,50,0,50,1,1
CSU8528,FC-040gr,2015,34,2015-08-24,LC,GRAVID,Cx.,pipiens,F,50,0,50,1,1
CSU8537,FC-072,2015,34,2015-08-24,LC,LIGHT,Cx.,pipiens,F,0,11,11,1,1
CSU8556,FC-075gr,2015,34,2015-08-25,LC,GRAVID,Cx.,pipiens,F,50,0,50,1,0
CSU8558,FC-075gr,2015,34,2015-08-25,LC,GRAVID,Cx.,pipiens,F,50,0,50,1,1
CSU8564,FC-088gr,2015,34,2015-08-25,LC,GRAVID,Cx.,pipiens,F,50,0,50,1,1
CSU8565,FC-088gr,2015,34,2015-08-25,LC,GRAVID,Cx.,pipiens,F,50,0,50,1,1
CSU8566,FC-088gr,2015,34,2015-08-25,LC,GRAVID,Cx.,pipiens,F,50,0,50,1,1
CSU8567,FC-088gr,2015,34,2015-08-25,LC,GRAVID,Cx.,pipiens,F,50,0,50,1,1
CSU8568,FC-088gr,2015,34,2015-08-25,LC,GRAVID,Cx.,pipiens,F,50,0,50,1,1
CSU8569,FC-088gr,2015,34,2015-08-25,LC,GRAVID,Cx.,pipiens,F,47,0,47,1,1
CSU8573,FC-059,2015,34,2015-08-25,LC,LIGHT,Cx.,pipiens,F,0,24,24,1,1
CSU8583,FC-046,2015,34,2015-08-25,LC,LIGHT,Cx.,tarsalis,F,0,16,16,1,1
CSU8595,FC-090gr,2015,34,2015-08-26,LC,GRAVID,Cx.,pipiens,F,50,0,50,1,1
CSU8609,FC-063gr,2015,34,2015-08-26,LC,GRAVID,Cx.,pipiens,F,50,0,50,1,1
CSU8611,FC-063gr,2015,34,2015-08-26,LC,GRAVID,Cx.,pipiens,F,50,0,50,1,1
CSU8612,FC-063gr,2015,34,2015-08-26,LC,GRAVID,Cx.,pipiens,F,50,0,50,1,1
CSU8613,FC-063gr,2015,34,2015-08-26,LC,GRAVID,Cx.,pipiens,F,50,0,50,1,1
CSU8615,FC-063gr,2015,34,2015-08-26,LC,GRAVID,Cx.,pipiens,F,50,0,50,1,1
CSU8617,FC-063gr,2015,34,2015-08-26,LC,GRAVID,Cx.,pipiens,F,4,0,4,1,1
CSU8618,FC-089gr,2015,34,2015-08-27,LC,GRAVID,Cx.,pipiens,F,47,0,47,1,1
CSU8627,FC-029gr,2015,34,2015-08-27,LC,GRAVID,Cx.,pipiens,F,50,0,50,1,1
CSU8636,LV-020,2015,35,2015-08-31,LC,LIGHT,Cx.,tarsalis,F,0,50,50,1,1
CSU8639,LV-069,2015,35,2015-08-31,LC,LIGHT,Cx.,tarsalis,F,0,6,6,1,1
CSU8649,FC-053,2015,35,2015-08-31,LC,LIGHT,Cx.,pipiens,F,0,1,1,1,1
CSU8657,FC-040,2015,35,2015-08-31,LC,LIGHT,Cx.,tarsalis,F,0,7,7,1,0
CSU8658,FC-040,2015,35,2015-08-31,LC,LIGHT,Cx.,pipiens,F,0,12,12,1,0
CSU8659,FC-040gr,2015,35,2015-08-31,LC,GRAVID,Cx.,pipiens,F,50,0,50,1,1
CSU8660,FC-040gr,2015,35,2015-08-31,LC,GRAVID,Cx.,pipiens,F,50,0,50,1,1
CSU8666,FC-092gr,2015,35,2015-08-31,LC,GRAVID,Cx.,pipiens,F,50,0,50,1,0
CSU8667,FC-092gr,2015,35,2015-08-31,LC,GRAVID,Cx.,pipiens,F,50,0,50,1,1
CSU8668,FC-092gr,2015,35,2015-08-31,LC,GRAVID,Cx.,pipiens,F,15,0,15,1,1
CSU8684,FC-075gr,2015,35,2015-09-01,LC,GRAVID,Cx.,pipiens,F,50,0,50,1,0
CSU8688,FC-088gr,2015,35,2015-09-01,LC,GRAVID,Cx.,pipiens,F,50,0,50,1,1
CSU8689,FC-088gr,2015,35,2015-09-01,LC,GRAVID,Cx.,pipiens,F,50,0,50,1,0
CSU8691,FC-027,2015,35,2015-09-01,LC,LIGHT,Cx.,tarsalis,F,0,8,8,1,0
CSU8700,FC-046,2015,35,2015-09-01,LC,LIGHT,Cx.,tarsalis,F,0,5,5,1,0
CSU8701,FC-046,2015,35,2015-09-01,LC,LIGHT,Cx.,pipiens,F,0,15,15,1,1
CSU8718,FC-015,2015,35,2015-09-02,LC,LIGHT,Cx.,pipiens,F,0,3,3,1,0
CSU8721,FC-063gr,2015,35,2015-09-02,LC,GRAVID,Cx.,pipiens,F,50,0,50,1,0
CSU8722,FC-063gr,2015,35,2015-09-02,LC,GRAVID,Cx.,pipiens,F,50,0,50,1,0
CSU8723,FC-063gr,2015,35,2015-09-02,LC,GRAVID,Cx.,pipiens,F,23,0,23,1,1
CSU8724,FC-089gr,2015,35,2015-09-03,LC,GRAVID,Cx.,pipiens,F,50,0,50,1,1
CSU8725,FC-089gr,2015,35,2015-09-03,LC,GRAVID,Cx.,pipiens,F,50,0,50,1,1
CSU8727,FC-029gr,2015,35,2015-09-03,LC,GRAVID,Cx.,pipiens,F,50,0,50,1,1
CSU8728,FC-029gr,2015,35,2015-09-03,LC,GRAVID,Cx.,pipiens,F,50,0,50,1,0
CSU8834,FC-066,2015,37,2015-09-15,LC,LIGHT,Cx.,pipiens,F,0,50,50,1,1
CSU8858,FC-029gr,2015,37,2015-09-16,LC,GRAVID,Cx.,pipiens,F,21,0,21,1,1
CSU9037,LV-020,2016,26,2016-06-29,LC,L,Cx.,tarsalis,F,0,50,50,1,1
CSU9093,LV-104,2016,27,2016-07-06,LC,L,Cx.,tarsalis,F,0,42,42,1,0
CSU9118,FC-039,2016,27,2016-07-07,LC,L,Cx.,pipiens,F,0,30,30,1,0
CSU9144,FC-050,2016,27,2016-07-07,LC,L,Cx.,tarsalis,F,0,6,6,1,0
CSU9184,FC-092gr,2016,28,2016-07-11,LC,G,Cx.,pipiens,F,44,0,44,1,1
CSU9297,LV-095,2016,29,2016-07-18,LC,L,Cx.,tarsalis,F,0,50,50,1,1
CSU9310,FC-040gr,2016,29,2016-07-18,LC,G,Cx.,pipiens,F,50,0,50,1,1
CSU9322,FC-036,2016,29,2016-07-18,LC,L,Cx.,tarsalis,F,0,50,50,1,1
CSU9401,FC-029gr,2016,29,2016-07-21,LC,G,Cx.,pipiens,F,50,0,50,1,1
CSU9421,LV-069,2016,30,2016-07-25,LC,L,Cx.,tarsalis,F,0,50,50,1,1
CSU9465,FC-039,2016,30,2016-07-26,LC,L,Cx.,tarsalis,F,0,50,50,1,1
CSU9467,FC-039,2016,30,2016-07-26,LC,L,Cx.,pipiens,F,0,3,3,1,1
CSU9468,FC-053,2016,30,2016-07-26,LC,L,Cx.,tarsalis,F,0,50,50,1,1
CSU9472,FC-064,2016,30,2016-07-26,LC,L,Cx.,tarsalis,F,0,50,50,1,1
CSU9475,FC-075gr,2016,30,2016-07-26,LC,G,Cx.,pipiens,F,50,0,50,1,1
CSU9476,FC-075gr,2016,30,2016-07-26,LC,G,Cx.,pipiens,F,26,0,26,1,1
CSU9489,FC-027,2016,30,2016-07-26,LC,L,Cx.,tarsalis,F,0,50,50,1,1
CSU9494,FC-069,2016,30,2016-07-27,LC,L,Cx.,tarsalis,F,0,32,32,1,1
CSU9505,LV-020,2016,30,2016-07-27,LC,L,Cx.,tarsalis,F,0,50,50,1,1
CSU9535,FC-029gr,2016,30,2016-07-28,LC,G,Cx.,pipiens,F,50,0,50,1,1
CSU9537,FC-054,2016,30,2016-07-28,LC,L,Cx.,tarsalis,F,0,24,24,1,1
CSU9562,FC-040,2016,31,2016-08-01,LC,L,Cx.,pipiens,F,0,50,50,1,1
CSU9566,FC-066,2016,31,2016-08-01,LC,L,Cx.,pipiens,F,0,37,37,1,1
CSU9567,FC-036,2016,31,2016-08-01,LC,L,Cx.,tarsalis,F,0,50,50,1,1
CSU9571,FC-006,2016,31,2016-08-01,LC,L,Cx.,pipiens,F,0,35,35,1,1
CSU9573,FC-066gr,2016,31,2016-08-01,LC,G,Cx.,pipiens,F,50,0,50,1,1
CSU9591,FC-040gr,2016,31,2016-08-02,LC,G,Cx.,pipiens,F,50,0,50,1,1
CSU9594,FC-031,2016,31,2016-08-02,LC,L,Cx.,pipiens,F,0,2,2,1,1
CSU9602,FC-053,2016,31,2016-08-02,LC,L,Cx.,pipiens,F,0,6,6,1,1
CSU9615,FC-004,2016,31,2016-08-02,LC,L,Cx.,tarsalis,F,0,50,50,1,0
CSU9619,FC-075gr,2016,31,2016-08-02,LC,G,Cx.,pipiens,F,50,0,50,1,0
CSU9620,FC-075gr,2016,31,2016-08-02,LC,G,Cx.,pipiens,F,50,0,50,1,0
CSU9621,FC-075gr,2016,31,2016-08-02,LC,G,Cx.,pipiens,F,50,0,50,1,0
CSU9627,FC-050,2016,31,2016-08-03,LC,L,Cx.,tarsalis,F,0,50,50,1,0
CSU9648,FC-073,2016,31,2016-08-03,LC,L,Cx.,tarsalis,F,0,44,44,1,0
CSU9656,FC-029gr,2016,31,2016-08-04,LC,G,Cx.,pipiens,F,33,0,33,1,0
CSU9657,FC-001,2016,31,2016-08-04,LC,L,Cx.,tarsalis,F,0,20,20,1,0
CSU9659,FC-054,2016,31,2016-08-04,LC,L,Cx.,tarsalis,F,0,41,41,1,0
CSU9670,FC-068,2016,31,2016-08-04,LC,L,Cx.,tarsalis,F,0,10,10,1,0
CSU9673,FC-037,2016,31,2016-08-04,LC,L,Cx.,tarsalis,F,0,48,48,1,0
CSU9676,FC-066gr,2016,32,2016-08-08,LC,G,Cx.,pipiens,F,21,0,21,1,1
CSU9678,FC-038,2016,32,2016-08-08,LC,L,Cx.,pipiens,F,0,14,14,1,1
CSU9679,FC-014,2016,32,2016-08-08,LC,L,Cx.,tarsalis,F,0,50,50,1,1
CSU9686,FC-066,2016,32,2016-08-08,LC,L,Cx.,tarsalis,F,0,48,48,1,1
CSU9699,LV-069,2016,32,2016-08-08,LC,L,Cx.,pipiens,F,0,9,9,1,1
CSU9708,FC-067,2016,32,2016-08-08,LC,L,Cx.,tarsalis,F,0,24,24,1,1
CSU9711,FC-063gr,2016,32,2016-08-09,LC,G,Cx.,pipiens,F,50,0,50,1,1
CSU9727,FC-049,2016,32,2016-08-09,LC,L,Cx.,pipiens,F,0,49,49,1,0
CSU9737,LV-104,2016,32,2016-08-09,LC,L,Cx.,tarsalis,F,0,50,50,1,1
CSU9738,LV-104,2016,32,2016-08-09,LC,L,Cx.,tarsalis,F,0,34,34,1,1
CSU9740,FC-073,2016,32,2016-08-10,LC,L,Cx.,tarsalis,F,0,14,14,1,1
CSU9745,FC-036,2016,32,2016-08-10,LC,L,Cx.,tarsalis,F,0,6,6,1,1
CSU9748,FC-040gr,2016,32,2016-08-10,LC,G,Cx.,pipiens,F,11,0,11,1,1
CSU9752,FC-075gr,2016,32,2016-08-10,LC,G,Cx.,pipiens,F,50,0,50,1,1
CSU9757,FC-064,2016,32,2016-08-10,LC,L,Cx.,tarsalis,F,0,9,9,1,1
CSU9761,FC-088gr,2016,32,2016-08-10,LC,G,Cx.,pipiens,F,50,0,50,1,1
CSU9762,FC-088gr,2016,32,2016-08-10,LC,G,Cx.,pipiens,F,50,0,50,1,1
CSU9763,FC-088gr,2016,32,2016-08-10,LC,G,Cx.,pipiens,F,46,0,46,1,1
CSU9767,FC-004,2016,32,2016-08-10,LC,L,Cx.,tarsalis,F,0,50,50,1,1
CSU9772,FC-027,2016,32,2016-08-10,LC,L,Cx.,tarsalis,F,0,50,50,1,1
CSU9776,FC-027,2016,32,2016-08-10,LC,L,Cx.,pipiens,F,0,42,42,1,1
CSU9790,FC-029gr,2016,32,2016-08-11,LC,G,Cx.,pipiens,F,4,0,4,1,1
CSU9797,FC-093,2016,32,2016-08-11,LC,L,Cx.,pipiens,F,0,12,12,1,1
CSU9800,FC-089gr,2016,32,2016-08-11,LC,G,Cx.,pipiens,F,50,0,50,1,1
CSU9805,FC-037,2016,32,2016-08-11,LC,L,Cx.,tarsalis,F,0,50,50,1,1
CSU9808,FC-069,2016,33,2016-08-15,LC,L,Cx.,tarsalis,F,0,38,38,1,1
CSU9813,LV-069,2016,33,2016-08-15,LC,L,Cx.,tarsalis,F,0,50,50,1,1
CSU9819,FC-040gr,2016,33,2016-08-15,LC,G,Cx.,pipiens,F,50,0,50,1,1
CSU9820,FC-040gr,2016,33,2016-08-15,LC,G,Cx.,pipiens,F,36,0,36,1,1
CSU9826,FC-034,2016,33,2016-08-15,LC,L,Cx.,tarsalis,F,0,38,38,1,1
CSU9828,FC-036,2016,33,2016-08-15,LC,L,Cx.,tarsalis,F,0,50,50,1,1
CSU9831,FC-006,2016,33,2016-08-15,LC,L,Cx.,tarsalis,F,0,34,34,1,1
CSU9836,FC-066gr,2016,33,2016-08-15,LC,G,Cx.,pipiens,F,50,0,50,1,1
CSU9838,FC-066gr,2016,33,2016-08-15,LC,G,Cx.,pipiens,F,50,0,50,1,1
CSU9841,FC-092gr,2016,33,2016-08-15,LC,G,Cx.,pipiens,F,40,0,40,1,1
CSU9845,FC-091gr,2016,33,2016-08-15,LC,G,Cx.,pipiens,F,50,0,50,1,1
CSU9846,FC-091gr,2016,33,2016-08-15,LC,G,Cx.,pipiens,F,30,0,30,1,1
CSU9854,FC-067,2016,33,2016-08-15,LC,L,Cx.,tarsalis,F,0,50,50,1,1
CSU9858,FC-067,2016,33,2016-08-15,LC,L,Cx.,pipiens,F,0,49,49,1,1
CSU9862,LV-089,2016,33,2016-08-16,LC,L,Cx.,tarsalis,F,0,50,50,1,1
CSU9868,FC-075gr,2016,33,2016-08-16,LC,G,Cx.,pipiens,F,50,0,50,1,1
CSU9869,FC-075gr,2016,33,2016-08-16,LC,G,Cx.,pipiens,F,16,0,16,1,1
CSU9873,FC-075,2016,33,2016-08-16,LC,L,Cx.,tarsalis,F,0,23,23,1,1
CSU9875,FC-088gr,2016,33,2016-08-16,LC,G,Cx.,pipiens,F,54,0,54,1,1
CSU9876,FC-074,2016,33,2016-08-16,LC,L,Cx.,tarsalis,F,0,12,12,1,1
CSU9877,FC-004,2016,33,2016-08-16,LC,L,Cx.,tarsalis,F,0,50,50,1,1
CSU9880,FC-027,2016,33,2016-08-16,LC,L,Cx.,tarsalis,F,0,52,52,1,1
CSU9904,FC-090gr,2016,33,2016-08-17,LC,G,Cx.,pipiens,F,36,0,36,1,1
CSU9913,FC-049,2016,33,2016-08-17,LC,L,Cx.,tarsalis,F,0,15,15,1,1
CSU9921,FC-089gr,2016,33,2016-08-18,LC,G,Cx.,pipiens,F,46,0,46,1,1
CSU9930,FC-093,2016,33,2016-08-18,LC,L,Cx.,pipiens,F,0,8,8,1,1
CSU9949,LV-069,2016,34,2016-08-22,LC,L,Cx.,tarsalis,F,0,26,26,1,1
CSU9952,LV-079gr,2016,34,2016-08-22,LC,G,Cx.,pipiens,F,47,0,47,1,1
CSU9954,LV-074gr,2016,34,2016-08-23,LC,G,Cx.,pipiens,F,50,0,50,1,1
CSU9955,LV-074gr,2016,34,2016-08-23,LC,G,Cx.,pipiens,F,50,0,50,1,1
CSU9957,FC-031,2016,34,2016-08-23,LC,L,Cx.,tarsalis,F,0,14,14,1,1
CSU9961,FC-047,2016,34,2016-08-23,LC,L,Cx.,tarsalis,F,0,8,8,1,1
CSU9976,FC-059,2016,34,2016-08-23,LC,L,Cx.,pipiens,F,0,9,9,1,1
CSU9981,FC-088gr,2016,34,2016-08-23,LC,G,Cx.,pipiens,F,35,0,35,1,1
CSU9984,FC-075gr,2016,34,2016-08-23,LC,G,Cx.,pipiens,F,50,0,50,1,1
CSU9991,LV-020,2016,34,2016-08-24,LC,L,Cx.,tarsalis,F,0,14,14,1,1
CSU9999,FC-090gr,2016,34,2016-08-24,LC,G,Cx.,pipiens,F,50,0,50,1,1
CSU10000,FC-090gr,2016,34,2016-08-24,LC,G,Cx.,pipiens,F,50,0,50,1,1
CSU10001,FC-090gr,2016,34,2016-08-24,LC,G,Cx.,pipiens,F,50,0,50,1,1
CSU10006,FC-063gr,2016,34,2016-08-24,LC,G,Cx.,pipiens,F,50,0,50,1,1
CSU10024,FC-040,2016,34,2016-08-25,LC,L,Cx.,pipiens,F,0,13,13,1,1
CSU10027,FC-040gr,2016,34,2016-08-25,LC,G,Cx.,pipiens,F,29,0,29,1,0
CSU10036,FC-075gr,2016,35,2016-08-29,LC,G,Cx.,pipiens,F,48,0,48,1,0
CSU10038,FC-047,2016,35,2016-08-29,LC,L,Cx.,tarsalis,F,0,5,5,1,0
CSU10044,FC-088gr,2016,35,2016-08-29,LC,G,Cx.,pipiens,F,10,0,10,1,0
CSU10053,FC-050,2016,35,2016-08-29,LC,L,Cx.,pipiens,F,0,10,10,1,0
CSU10067,FC-040gr,2016,35,2016-08-30,LC,G,Cx.,pipiens,F,37,0,37,1,0
CSU10068,FC-092gr,2016,35,2016-08-30,LC,G,Cx.,pipiens,F,6,0,6,1,0
CSU10097,FC-041,2016,35,2016-08-31,LC,L,Cx.,pipiens,F,0,5,5,1,0
CSU10106,FC-029,2016,35,2016-09-01,LC,L,Cx.,tarsalis,F,0,1,1,1,0
CSU10224,FC-090gr,2016,37,2016-09-15,LC,G,Cx.,pipiens,F,15,0,15,1,1
CSU10330,LC-053,2017,25,2017-06-21,LC,L,Cx.,tarsalis,F,0,50,50,1,0
CSU10502,LC-053,2017,27,2017-07-04,LC,L,Cx.,pipiens,F,0,1,1,1,0
CSU10536,FC-040gr,2017,28,2017-07-10,LC,G,Cx.,pipiens,F,50,0,50,1,0
CSU10597,FC-064,2017,28,2017-07-11,LC,L,Cx.,tarsalis,F,0,50,50,1,0
CSU10610,FC-053,2017,28,2017-07-11,LC,L,Cx.,tarsalis,F,0,50,50,1,1
CSU10613,FC-053,2017,28,2017-07-11,LC,L,Cx.,tarsalis,F,0,50,50,1,1
CSU10669,LC-053,2017,28,2017-07-12,LC,L,Cx.,tarsalis,F,0,50,50,1,1
CSU10672,LC-053,2017,28,2017-07-12,LC,L,Cx.,tarsalis,F,0,50,50,1,1
CSU10677,LC-053,2017,28,2017-07-12,LC,L,Cx.,tarsalis,F,0,50,50,1,0
CSU10710,FC-040gr,2017,29,2017-07-17,LC,G,Cx.,pipiens,F,50,0,50,1,1
CSU10743,LV-089,2017,29,2017-07-18,LC,L,Cx.,tarsalis,F,0,50,50,1,0
CSU10766,FC-053,2017,29,2017-07-18,LC,L,Cx.,tarsalis,F,0,50,50,1,1
CSU10774,FC-004,2017,29,2017-07-18,LC,L,Cx.,tarsalis,F,0,50,50,1,1
CSU10804,LC-054,2017,29,2017-07-19,LC,L,Cx.,pipiens,F,0,8,8,1,1
CSU10808,LV-020,2017,29,2017-07-19,LC,L,Cx.,tarsalis,F,0,50,50,1,1
CSU10812,LC-001,2017,29,2017-07-19,LC,L,Cx.,tarsalis,F,0,50,50,1,1
CSU10831,FC-063gr,2017,29,2017-07-19,LC,G,Cx.,pipiens,F,19,0,19,1,0
CSU10879,LV-095,2017,30,2017-07-24,LC,L,Cx.,tarsalis,F,0,50,50,1,1
CSU10888,FC-092gr,2017,30,2017-07-24,LC,G,Cx.,pipiens,F,50,0,50,1,1
CSU10892,FC-072,2017,30,2017-07-24,LC,L,Cx.,tarsalis,F,0,31,31,1,1
CSU10901,FC-066,2017,30,2017-07-24,LC,L,Cx.,tarsalis,F,0,50,50,1,0
CSU10911,FC-031,2017,30,2017-07-25,LC,L,Cx.,tarsalis,F,0,50,50,1,1
CSU10938,FC-088gr,2017,30,2017-07-25,LC,G,Cx.,pipiens,F,50,0,50,1,1
CSU10968,FC-041,2017,30,2017-07-26,LC,L,Cx.,tarsalis,F,0,50,50,1,1
CSU11010,FC-067,2017,31,2017-07-31,LC,L,Cx.,tarsalis,F,0,50,50,1,1
CSU11025,FC-092gr,2017,31,2017-07-31,LC,G,Cx.,pipiens,F,4,0,4,1,1
CSU11045,FC-039,2017,31,2017-08-01,LC,L,Cx.,pipiens,F,0,5,5,1,1
CSU11046,FC-064,2017,31,2017-08-01,LC,L,Cx.,tarsalis,F,0,31,31,1,1
CSU11049,FC-031,2017,31,2017-08-01,LC,L,Cx.,tarsalis,F,0,50,50,1,1
CSU11071,FC-088gr,2017,31,2017-08-01,LC,G,Cx.,pipiens,F,50,0,50,1,1
CSU11072,FC-088gr,2017,31,2017-08-01,LC,G,Cx.,pipiens,F,50,0,50,1,1
CSU11073,FC-088gr,2017,31,2017-08-01,LC,G,Cx.,pipiens,F,50,0,50,1,1
CSU11074,FC-088gr,2017,31,2017-08-01,LC,G,Cx.,pipiens,F,50,0,50,1,0
CSU11076,FC-088gr,2017,31,2017-08-01,LC,G,Cx.,pipiens,F,50,0,50,1,1
CSU11080,FC-027,2017,31,2017-08-01,LC,L,Cx.,tarsalis,F,0,50,50,1,1
CSU11099,FC-060,2017,31,2017-08-02,LC,L,Cx.,tarsalis,F,0,20,20,1,1
CSU11116,FC-001,2017,31,2017-08-03,LC,L,Cx.,pipiens,F,0,1,1,1,1
CSU11130,FC-029gr,2017,31,2017-08-03,LC,G,Cx.,pipiens,F,2,0,2,1,0
CSU11135,FC-038,2017,32,2017-08-07,LC,L,Cx.,pipiens,F,0,11,11,1,1
CSU11165,FC-039,2017,32,2017-08-08,LC,L,Cx.,tarsalis,F,0,24,24,1,1
CSU11175,FC-088gr,2017,32,2017-08-08,LC,G,Cx.,pipiens,F,48,0,48,1,1
CSU11217,FC-093,2017,32,2017-08-10,LC,L,Cx.,tarsalis,F,0,4,4,1,1
CSU11225,LV-069,2017,33,2017-08-14,LC,L,Cx.,tarsalis,F,0,50,50,1,1
CSU11241,FC-040gr,2017,33,2017-08-14,LC,G,Cx.,pipiens,F,22,0,22,1,1
CSU11247,FC-072,2017,33,2017-08-14,LC,L,Cx.,tarsalis,F,0,21,21,1,1
CSU11262,FC-088gr,2017,33,2017-08-15,LC,G,Cx.,pipiens,F,48,0,48,1,1
CSU11264,FC-075gr,2017,33,2017-08-15,LC,G,Cx.,pipiens,F,26,0,26,1,1
CSU11265,FC-004,2017,33,2017-08-15,LC,L,Cx.,tarsalis,F,0,36,36,1,1
CSU11327,FC-036,2017,34,2017-08-21,LC,L,Cx.,tarsalis,F,0,23,23,1,1
CSU11355,LC-049,2017,34,2017-08-23,LC,L,Cx.,tarsalis,F,0,12,12,1,1
CSU11358,FC-088gr,2017,34,2017-08-23,LC,G,Cx.,pipiens,F,19,0,19,1,1
CSU11359,LC-054,2017,34,2017-08-23,LC,L,Cx.,tarsalis,F,0,35,35,1,1
CSU11361,LC-053,2017,34,2017-08-23,LC,L,Cx.,tarsalis,F,0,35,35,1,1
CSU11373,FC-050,2017,34,2017-08-23,LC,L,Cx.,tarsalis,F,0,7,7,1,1
CSU11443,FC-075gr,2017,35,2017-08-29,LC,G,Cx.,pipiens,F,23,0,23,1,1
CSU11511,FC-088gr,2017,36,2017-09-06,LC,G,Cx.,pipiens,F,6,0,6,1,1
CSU11990,LC-054,2018,28,2018-07-11,LC,L,Cx.,TARSALIS,F,0,50,50,1,1
CSU12001,FC-089gr,2018,28,2018-07-12,LC,G,Cx.,PIPIENS,F,50,0,50,1,1
CSU12036,LV-110,2018,29,2018-07-17,LC,L,Cx.,TARSALIS,F,0,50,50,1,1
CSU12092,FC-093,2018,29,2018-07-19,LC,L,Cx.,TARSALIS,F,0,50,50,1,1
CSU12093,FC-029gr,2018,29,2018-07-19,LC,G,Cx.,PIPIENS,F,50,0,50,1,1
CSU12107,LV-095,2018,30,2018-07-23,LC,L,Cx.,TARSALIS,F,0,47,47,1,1
CSU12147,FC-050,2018,30,2018-07-24,LC,L,Cx.,TARSALIS,F,0,40,40,1,1
CSU12168,LC-054,2018,30,2018-07-25,LC,L,Cx.,TARSALIS,F,0,50,50,1,1
CSU12173,FC-063gr,2018,30,2018-07-25,LC,G,Cx.,PIPIENS,F,50,0,50,1,1
CSU12174,FC-063gr,2018,30,2018-07-25,LC,G,Cx.,PIPIENS,F,50,0,50,1,1
CSU12175,FC-063gr,2018,30,2018-07-25,LC,G,Cx.,PIPIENS,F,50,0,50,1,1
CSU12248,FC-050,2018,31,2018-07-31,LC,L,Cx.,TARSALIS,F,0,5,5,1,0
CSU12261,FC-075gr,2018,31,2018-07-31,LC,G,Cx.,PIPIENS,F,50,0,50,1,0
CSU12265,FC-075gr,2018,31,2018-07-31,LC,G,Cx.,PIPIENS,F,49,0,49,1,0
CSU12268,FC-027,2018,31,2018-07-31,LC,L,Cx.,PIPIENS,F,0,50,50,1,0
CSU12269,FC-027,2018,31,2018-07-31,LC,L,Cx.,PIPIENS,F,0,43,43,1,0
CSU12282,FC-063gr,2018,31,2018-08-01,LC,G,Cx.,PIPIENS,F,50,0,50,1,0
CSU12283,FC-063gr,2018,31,2018-08-01,LC,G,Cx.,PIPIENS,F,50,0,50,1,0
CSU12291,LC-054,2018,31,2018-08-01,LC,L,Cx.,TARSALIS,F,0,50,50,1,0
CSU12312,FC-029gr,2018,31,2018-08-02,LC,G,Cx.,PIPIENS,F,50,0,50,1,0
CSU12313,FC-029gr,2018,31,2018-08-02,LC,G,Cx.,PIPIENS,F,50,0,50,1,0
CSU12314,FC-029gr,2018,31,2018-08-02,LC,G,Cx.,PIPIENS,F,50,0,50,1,0
CSU12315,FC-029gr,2018,31,2018-08-02,LC,G,Cx.,PIPIENS,F,40,0,40,1,0
CSU12325,FC-089gr,2018,31,2018-08-02,LC,G,Cx.,PIPIENS,F,50,0,50,1,0
CSU12327,FC-089gr,2018,31,2018-08-02,LC,G,Cx.,PIPIENS,F,50,0,50,1,0
CSU12330,LV-095,2018,32,2018-08-06,LC,L,Cx.,TARSALIS,F,0,21,21,1,1
CSU12338,FC-092gr,2018,32,2018-08-06,LC,G,Cx.,PIPIENS,F,2,0,2,1,1
CSU12371,FC-088gr,2018,32,2018-08-07,LC,G,Cx.,PIPIENS,F,50,0,50,1,1
CSU12401,LC-001,2018,32,2018-08-08,LC,L,Cx.,TARSALIS,F,0,43,43,1,1
CSU12413,FC-063gr,2018,32,2018-08-08,LC,G,Cx.,PIPIENS,F,50,0,50,1,1
CSU12416,FC-075gr,2018,32,2018-08-08,LC,G,Cx.,PIPIENS,F,50,0,50,1,1
CSU12417,FC-075gr,2018,32,2018-08-08,LC,G,Cx.,PIPIENS,F,50,0,50,1,1
CSU12418,FC-075gr,2018,32,2018-08-08,LC,G,Cx.,PIPIENS,F,50,0,50,1,1
CSU12419,FC-075gr,2018,32,2018-08-08,LC,G,Cx.,PIPIENS,F,41,0,41,1,1
CSU12427,FC-011,2018,32,2018-08-08,LC,L,Cx.,PIPIENS,F,0,50,50,1,1
CSU12439,FC-089gr,2018,32,2018-08-09,LC,G,Cx.,PIPIENS,F,50,0,50,1,1
CSU12445,FC-029gr,2018,32,2018-08-09,LC,G,Cx.,PIPIENS,F,50,0,50,1,1
CSU12450,LV-069,2018,33,2018-08-13,LC,L,Cx.,TARSALIS,F,0,50,50,1,1
CSU12459,FC-040,2018,33,2018-08-13,LC,L,Cx.,PIPIENS,F,0,32,32,1,1
CSU12460,FC-066,2018,33,2018-08-13,LC,L,Cx.,TARSALIS,F,0,50,50,1,1
CSU12466,FC-040gr,2018,33,2018-08-13,LC,G,Cx.,PIPIENS,F,38,0,38,1,1
CSU12493,FC-067,2018,33,2018-08-13,LC,L,Cx.,TARSALIS,F,0,50,50,1,1
CSU12497,FC-067,2018,33,2018-08-13,LC,L,Cx.,PIPIENS,F,0,50,50,1,1
CSU12506,FC-046,2018,33,2018-08-14,LC,L,Cx.,TARSALIS,F,0,49,49,1,1
CSU12509,FC-039,2018,33,2018-08-14,LC,L,Cx.,TARSALIS,F,0,22,22,1,1
CSU12512,FC-004,2018,33,2018-08-14,LC,L,Cx.,TARSALIS,F,0,20,20,1,1
CSU12519,FC-075gr,2018,33,2018-08-14,LC,G,Cx.,PIPIENS,F,50,0,50,1,1
CSU12528,FC-088gr,2018,33,2018-08-14,LC,G,Cx.,PIPIENS,F,50,0,50,1,1
CSU12529,FC-088gr,2018,33,2018-08-14,LC,G,Cx.,PIPIENS,F,50,0,50,1,1
CSU12530,FC-088gr,2018,33,2018-08-14,LC,G,Cx.,PIPIENS,F,49,0,49,1,1
CSU12531,LV-020,2018,33,2018-08-15,LC,L,Cx.,TARSALIS,F,0,19,19,1,1
CSU12532,FC-090gr,2018,33,2018-08-15,LC,G,Cx.,PIPIENS,F,29,0,29,1,1
CSU12543,FC-049,2018,33,2018-08-15,LC,L,Cx.,PIPIENS,F,0,12,12,1,1
CSU12554,FC-041,2018,33,2018-08-15,LC,L,Cx.,TARSALIS,F,0,44,44,1,1
CSU12563,FC-029gr,2018,33,2018-08-16,LC,G,Cx.,PIPIENS,F,50,0,50,1,1
CSU12565,FC-029gr,2018,33,2018-08-16,LC,G,Cx.,PIPIENS,F,50,0,50,1,1
CSU12567,FC-093,2018,33,2018-08-16,LC,L,Cx.,TARSALIS,F,0,21,21,1,1
CSU12573,FC-037,2018,33,2018-08-16,LC,L,Cx.,TARSALIS,F,0,50,50,1,1
CSU12575,FC-037,2018,33,2018-08-16,LC,L,Cx.,PIPIENS,F,0,13,13,1,1
CSU12580,FC-066gr,2018,34,2018-08-20,LC,G,Cx.,PIPIENS,F,24,0,24,1,1
CSU12581,FC-091gr,2018,34,2018-08-20,LC,G,Cx.,PIPIENS,F,25,0,25,1,1
CSU12589,FC-036,2018,34,2018-08-20,LC,L,Cx.,PIPIENS,F,0,11,11,1,1
CSU12599,FC-069,2018,34,2018-08-20,LC,L,Cx.,PIPIENS,F,0,5,5,1,1
CSU12614,FC-046,2018,34,2018-08-21,LC,L,Cx.,PIPIENS,F,0,12,12,1,1
CSU12623,FC-088gr,2018,34,2018-08-21,LC,G,Cx.,PIPIENS,F,45,0,45,1,1
CSU12625,FC-047,2018,34,2018-08-21,LC,L,Cx.,PIPIENS,F,0,4,4,1,1
CSU12632,FC-027,2018,34,2018-08-21,LC,L,Cx.,PIPIENS,F,0,50,50,1,1
CSU12650,FC-041,2018,34,2018-08-22,LC,L,Cx.,PIPIENS,F,0,28,28,1,1
CSU12658,FC-063,2018,34,2018-08-22,LC,L,Cx.,PIPIENS,F,0,7,7,1,1
CSU12669,FC-062,2018,34,2018-08-23,LC,L,Cx.,PIPIENS,F,0,2,2,1,1
CSU12677,FC-029,2018,34,2018-08-23,LC,L,Cx.,PIPIENS,F,0,6,6,1,1
CSU12706,FC-011,2018,35,2018-08-28,LC,L,Cx.,PIPIENS,F,0,38,38,1,1
CSU12726,FC-089gr,2018,35,2018-08-29,LC,G,Cx.,PIPIENS,F,12,0,12,1,1
CSU12730,FC-039,2018,35,2018-08-29,LC,L,Cx.,TARSALIS,F,0,17,17,1,1
CSU12731,FC-064,2018,35,2018-08-29,LC,L,Cx.,TARSALIS,F,0,26,26,1,1
CSU12735,FC-075,2018,35,2018-08-29,LC,L,Cx.,TARSALIS,F,0,11,11,1,1
CSU12737,FC-088gr,2018,35,2018-08-29,LC,G,Cx.,PIPIENS,F,14,0,14,1,1
CSU12738,FC-075gr,2018,35,2018-08-29,LC,G,Cx.,PIPIENS,F,50,0,50,1,1
CSU12739,FC-075gr,2018,35,2018-08-29,LC,G,Cx.,PIPIENS,F,46,0,46,1,1
CSU12744,FC-027,2018,35,2018-08-29,LC,L,Cx.,PIPIENS,F,0,43,43,1,1
CSU12750,FC-050,2018,35,2018-08-29,LC,L,Cx.,PIPIENS,F,0,8,8,1,1
CSU12755,FC-034,2018,35,2018-08-30,LC,L,Cx.,PIPIENS,F,0,3,3,1,1
CSU12768,FC-091gr,2018,35,2018-08-30,LC,G,Cx.,PIPIENS,F,7,0,7,1,1
CSU12776,FC-092gr,2018,35,2018-08-30,LC,G,Cx.,PIPIENS,F,26,0,26,1,1
CSU12779,FC-067,2018,35,2018-08-30,LC,L,Cx.,TARSALIS,F,0,50,50,1,1
CSU12782,FC-040gr,2018,35,2018-08-30,LC,G,Cx.,PIPIENS,F,38,0,38,1,1
CSU12790,FC-067,2018,36,2018-09-04,LC,L,Cx.,TARSALIS,F,0,33,33,1,1
CSU12803,FC-091gr,2018,36,2018-09-04,LC,G,Cx.,PIPIENS,F,13,0,13,1,1
CSU12825,FC-090gr,2018,36,2018-09-05,LC,G,Cx.,PIPIENS,F,13,0,13,1,1
CSU12865,FC-093,2018,36,2018-09-06,LC,L,Cx.,PIPIENS,F,0,3,3,1,1
CSU12868,FC-092gr,2018,37,2018-09-11,LC,G,Cx.,PIPIENS,F,50,0,50,1,1
CSU12871,FC-040gr,2018,37,2018-09-11,LC,G,Cx.,PIPIENS,F,14,0,14,1,1
CSU12890,FC-075gr,2018,37,2018-09-11,LC,G,Cx.,PIPIENS,F,50,0,50,1,1
CSU12892,FC-075gr,2018,37,2018-09-11,LC,G,Cx.,PIPIENS,F,17,0,17,1,1
CSU12894,FC-090gr,2018,37,2018-09-12,LC,G,Cx.,PIPIENS,F,28,0,28,1,1
CSU12900,FC-063gr,2018,37,2018-09-12,LC,G,Cx.,PIPIENS,F,50,0,50,1,1
CSU13225,FC-038,2019,30,2019-07-21,LC,L,Cx.,Tarsalis,F,0,50,50,1,0
CSU13276,FC-050,2019,30,2019-07-22,LC,L,Cx.,Tarsalis,F,0,19,19,1,0
CSU13284,LV-089,2019,30,2019-07-23,LC,L,Cx.,Tarsalis,F,0,50,50,1,0
CSU13296,LV-020,2019,30,2019-07-23,LC,L,Cx.,Tarsalis,F,0,50,50,1,0
CSU13376,FC-019,2019,31,2019-07-28,LC,L,Cx.,Tarsalis,F,0,43,43,1,0
CSU13381,FC-067,2019,31,2019-07-28,LC,L,Cx.,Tarsalis,F,0,50,50,1,0
CSU13507,FC-040gr,2019,32,2019-08-04,LC,G,Cx.,Pipiens,F,12,0,12,1,0
CSU13518,FC-091gr,2019,32,2019-08-04,LC,G,Cx.,Pipiens,F,10,0,10,1,0
CSU13550,FC-074,2019,32,2019-08-05,LC,L,Cx.,Tarsalis,F,0,50,50,1,0
CSU13568,FC-027,2019,32,2019-08-05,LC,L,Cx.,Tarsalis,F,0,50,50,1,0
CSU13592,LV-114,2019,32,2019-08-06,LC,L,Cx.,Tarsalis,F,0,30,30,1,0
CSU13621,FC-061,2019,32,2019-08-07,LC,L,Cx.,Tarsalis,F,0,50,50,1,0
CSU13624,FC-037,2019,32,2019-08-07,LC,L,Cx.,Tarsalis,F,0,50,50,1,0
CSU13639,FC-014,2019,33,2019-08-11,LC,L,Cx.,Tarsalis,F,0,50,50,1,0
CSU13668,FC-039,2019,33,2019-08-12,LC,L,Cx.,Tarsalis,F,0,50,50,1,0
CSU13680,FC-053,2019,33,2019-08-12,LC,L,Cx.,Pipiens,F,0,9,9,1,0
CSU13709,FC-050,2019,33,2019-08-12,LC,L,Cx.,Pipiens,F,0,50,50,1,0
CSU13712,FC-031,2019,33,2019-08-12,LC,L,Cx.,Tarsalis,F,0,50,50,1,0
CSU13756,FC-029gr,2019,33,2019-08-14,LC,G,Cx.,Pipiens,F,25,0,25,1,0
CSU13776,LV-069,2019,34,2019-08-18,LC,L,Cx.,Tarsalis,F,0,36,36,1,1
CSU13782,FC-092gr,2019,34,2019-08-18,LC,G,Cx.,Pipiens,F,18,0,18,1,1
CSU13791,FC-066,2019,34,2019-08-18,LC,L,Cx.,Pipiens,F,0,50,50,1,1
CSU13798,FC-053,2019,34,2019-08-19,LC,L,Cx.,Tarsalis,F,0,50,50,1,1
CSU13804,FC-075gr,2019,34,2019-08-19,LC,G,Cx.,Pipiens,F,40,0,40,1,1
CSU13808,FC-088gr,2019,34,2019-08-19,LC,G,Cx.,Pipiens,F,50,0,50,1,1
CSU13810,FC-088gr,2019,34,2019-08-19,LC,G,Cx.,Pipiens,F,50,0,50,1,1
CSU13831,FC-061,2019,34,2019-08-20,LC,L,Cx.,Tarsalis,F,0,50,50,1,1
CSU13866,FC-089gr,2019,34,2019-08-21,LC,G,Cx.,Pipiens,F,50,0,50,1,1
CSU13877,FC-034,2019,35,2019-08-25,LC,L,Cx.,Tarsalis,F,0,50,50,1,1
CSU13878,FC-034,2019,35,2019-08-25,LC,L,Cx.,Tarsalis,F,0,37,37,1,1
CSU13880,LV-095,2019,35,2019-08-25,LC,L,Cx.,Tarsalis,F,0,14,14,1,1
CSU13881,FC-069,2019,35,2019-08-25,LC,L,Cx.,Tarsalis,F,0,50,50,1,0
CSU13884,FC-069,2019,35,2019-08-25,LC,L,Cx.,Pipiens,F,0,16,16,1,1
CSU13886,FC-040,2019,35,2019-08-25,LC,L,Cx.,Tarsalis,F,0,50,50,1,1
CSU13889,FC-036,2019,35,2019-08-25,LC,L,Cx.,Tarsalis,F,0,24,24,1,1
CSU13894,FC-072,2019,35,2019-08-25,LC,L,Cx.,Tarsalis,F,0,50,50,1,1
CSU13913,FC-050,2019,35,2019-08-26,LC,L,Cx.,Pipiens,F,0,50,50,1,1
CSU13931,FC-075gr,2019,35,2019-08-26,LC,G,Cx.,Pipiens,F,14,0,14,1,1
CSU13947,FC-063gr,2019,35,2019-08-27,LC,G,Cx.,Pipiens,F,19,0,19,1,1
CSU13954,LV-020,2019,35,2019-08-27,LC,L,Cx.,Tarsalis,F,0,35,35,1,1
CSU13985,FC-040,2019,36,2019-09-01,LC,L,Cx.,Pipiens,F,0,22,22,1,1
CSU13999,FC-066gr,2019,36,2019-09-01,LC,G,Cx.,Pipiens,F,50,0,50,1,1
CSU14000,FC-066gr,2019,36,2019-09-01,LC,G,Cx.,Pipiens,F,50,0,50,1,1
CSU14002,FC-066,2019,36,2019-09-01,LC,L,Cx.,Tarsalis,F,0,26,26,1,1
CSU14013,FC-075gr,2019,36,2019-09-02,LC,G,Cx.,Pipiens,F,50,0,50,1,1
CSU14047,FC-063gr,2019,36,2019-09-03,LC,G,Cx.,Pipiens,F,50,0,50,1,1
CSU14055,FC-029gr,2019,36,2019-09-04,LC,G,Cx.,Pipiens,F,50,0,50,1,1
CSU14077,FC-088gr,2019,37,2019-09-09,LC,G,Cx.,Pipiens,F,23,0,23,1,1
CSU14641,FC-039,2020,30,2020-07-21,LC,L,Cx.,TAR,F,0,43,43,1,1
CSU14775,FC-088gr,2020,31,2020-07-28,LC,G,Cx.,PIP,F,50,0,50,1,1
CSU14827,LC-055,2020,31,2020-07-29,LC,L,Cx.,TAR,F,0,10,10,1,1
CSU14907,FC-088gr,2020,32,2020-08-04,LC,G,Cx.,PIP,F,50,0,50,1,1
CSU14932,LV-020,2020,32,2020-08-05,LC,L,Cx.,TAR,F,0,47,47,1,1
CSU14940,FC-037,2020,32,2020-08-06,LC,L,Cx.,TAR,F,0,50,50,1,1
CSU14954,FC-089gr,2020,32,2020-08-06,LC,G,Cx.,PIP,F,49,0,49,1,1
CSU14964,FC-066gr,2020,33,2020-08-10,LC,G,Cx.,PIP,F,50,0,50,1,1
CSU14974,LV-095,2020,33,2020-08-10,LC,L,Cx.,TAR,F,0,24,24,1,1
CSU15001,FC-046,2020,33,2020-08-11,LC,L,Cx.,TAR,F,0,24,24,1,1
CSU15012,FC-053,2020,33,2020-08-11,LC,L,Cx.,TAR,F,0,43,43,1,1
CSU15019,FC-004,2020,33,2020-08-11,LC,L,Cx.,TAR,F,0,46,46,1,1
CSU15024,FC-027,2020,33,2020-08-11,LC,L,Cx.,PIP,F,0,50,50,1,1
CSU15025,FC-027,2020,33,2020-08-11,LC,L,Cx.,PIP,F,0,47,47,1,1
CSU15058,FC-049,2020,33,2020-08-12,LC,L,Cx.,PIP,F,0,19,19,1,1
CSU15061,LC-053,2020,33,2020-08-12,LC,L,Cx.,TAR,F,0,19,19,1,1
CSU15126,FC-053,2020,34,2020-08-18,LC,L,Cx.,TAR,F,0,50,50,1,1
CSU15129,FC-075gr,2020,34,2020-08-18,LC,G,Cx.,PIP,F,50,0,50,1,1
CSU15130,FC-075gr,2020,34,2020-08-18,LC,G,Cx.,PIP,F,50,0,50,1,1
CSU15131,FC-075gr,2020,34,2020-08-18,LC,G,Cx.,PIP,F,48,0,48,1,1
CSU15135,FC-004,2020,34,2020-08-18,LC,L,Cx.,PIP,F,0,41,41,1,1
CSU15137,FC-027,2020,34,2020-08-18,LC,L,Cx.,TAR,F,0,50,50,1,1
CSU15138,FC-027,2020,34,2020-08-18,LC,L,Cx.,TAR,F,0,37,37,1,1
CSU15142,FC-059,2020,34,2020-08-18,LC,L,Cx.,PIP,F,0,36,36,1,1
CSU15150,FC-088gr,2020,34,2020-08-18,LC,G,Cx.,PIP,F,50,0,50,1,1
CSU15153,FC-088gr,2020,34,2020-08-18,LC,G,Cx.,PIP,F,50,0,50,1,1
CSU15181,FC-063gr,2020,34,2020-08-19,LC,G,Cx.,PIP,F,45,0,45,1,1
CSU15193,FC-001,2020,34,2020-08-20,LC,L,Cx.,TAR,F,0,4,4,1,1
CSU15200,FC-029gr,2020,34,2020-08-20,LC,G,Cx.,PIP,F,40,0,40,1,1
CSU15214,FC-066gr,2020,35,2020-08-24,LC,G,Cx.,PIP,F,31,0,31,1,1
CSU15223,FC-040gr,2020,35,2020-08-24,LC,G,Cx.,PIP,F,50,0,50,1,1
CSU15258,FC-075gr,2020,35,2020-08-25,LC,G,Cx.,PIP,F,50,0,50,1,1
CSU15267,FC-088gr,2020,35,2020-08-25,LC,G,Cx.,PIP,F,50,0,50,1,1
CSU15269,FC-088gr,2020,35,2020-08-25,LC,G,Cx.,PIP,F,50,0,50,1,1
CSU15298,FC-054,2020,35,2020-08-27,LC,L,Cx.,TAR,F,0,6,6,1,0
CSU15300,FC-029gr,2020,35,2020-08-27,LC,G,Cx.,PIP,F,31,0,31,1,1
CSU15303,FC-089gr,2020,35,2020-08-27,LC,G,Cx.,PIP,F,47,0,47,1,1
CSU15334,LV-020,2020,36,2020-09-01,LC,L,Cx.,TAR,F,0,13,13,1,1
CSU15900,FC-031,2021,28,2021-07-12,LC,L,Cx.,TAR,F,0,50,50,1,1
CSU16031,FC-029,2021,28,2021-07-14,LC,L,Cx.,PIP,F,0,12,12,1,1
BOU00025,BC-09,2021,28,2021-07-12,BC,L,Cx.,TAR,F,0,24,24,1,1
CSU16036,LV-069,2021,29,2021-07-18,LC,L,Cx.,TAR,F,0,50,50,1,1
CSU16137,FC-074,2021,29,2021-07-19,LC,L,Cx.,TAR,F,0,50,50,1,1
CSU16146,FC-075,2021,29,2021-07-19,LC,L,Cx.,TAR,F,0,43,43,1,1
CSU16186,LC-053,2021,29,2021-07-20,LC,L,Cx.,TAR,F,0,28,28,1,1
CSU16297,LV-089,2021,30,2021-07-26,LC,L,Cx.,TAR,F,0,41,41,1,1
CSU16312,FC-064,2021,30,2021-07-26,LC,L,Cx.,TAR,F,0,50,50,1,1
CSU16316,FC-064,2021,30,2021-07-26,LC,L,Cx.,TAR,F,0,27,27,1,1
CSU16323,FC-004,2021,30,2021-07-26,LC,L,Cx.,TAR,F,0,50,50,1,1
CSU16337,FC-088gr,2021,30,2021-07-26,LC,G,Cx.,PIP,F,50,0,50,1,1
CSU16344,FC-074,2021,30,2021-07-26,LC,L,Cx.,TAR,F,0,50,50,1,1
CSU16347,FC-027,2021,30,2021-07-26,LC,L,Cx.,TAR,F,0,50,50,1,1
CSU16389,LC-053,2021,30,2021-07-27,LC,L,Cx.,TAR,F,0,49,49,1,1
CSU16403,LC-054,2021,30,2021-07-27,LC,L,Cx.,TAR,F,0,50,50,1,1
CSU16447,FC-062,2021,30,2021-07-28,LC,L,Cx.,TAR,F,0,33,33,1,1
CSU16450,FC-093,2021,30,2021-07-28,LC,L,Cx.,TAR,F,0,45,45,1,1
CSU16461,FC-029gr,2021,30,2021-07-28,LC,G,Cx.,PIP,F,50,0,50,1,1
BOU00038,BC-18,2021,31,2021-08-02,BC,L,Cx.,TAR,F,0,50,50,1,1
CSU16605,LC-049,2021,31,2021-08-03,LC,L,Cx.,TAR,F,0,19,19,1,1
CSU16555,FC-075gr,2021,31,2021-08-02,LC,G,Cx.,PIP,F,50,0,50,1,1
CSU16580,FC-027,2021,31,2021-08-02,LC,L,Cx.,PIP,F,0,34,34,1,1
CSU16650,FC-089gr,2021,31,2021-08-04,LC,G,Cx.,PIP,F,50,0,50,1,1
CSU16653,FC-089gr,2021,31,2021-08-04,LC,G,Cx.,PIP,F,50,0,50,1,1
CSU16498,FC-034,2021,31,2021-08-01,LC,L,Cx.,TAR,F,0,50,50,1,1
CSU16535,FC-066,2021,31,2021-08-01,LC,L,Cx.,TAR,F,0,50,50,1,1
CSU16562,FC-039,2021,31,2021-08-02,LC,L,Cx.,TAR,F,0,50,50,1,1
CSU16566,FC-075,2021,31,2021-08-02,LC,L,Cx.,TAR,F,0,50,50,1,1
CSU16577,FC-027,2021,31,2021-08-02,LC,L,Cx.,TAR,F,0,50,50,1,1
CSU16582,FC-053,2021,31,2021-08-02,LC,L,Cx.,TAR,F,0,50,50,1,1
CSU16590,FC-074,2021,31,2021-08-02,LC,L,Cx.,TAR,F,0,50,50,1,1
CSU16593,FC-004,2021,31,2021-08-02,LC,L,Cx.,TAR,F,0,50,50,1,1
CSU16631,FC-054,2021,31,2021-08-04,LC,L,Cx.,TAR,F,0,12,12,1,1
CSU16656,FC-037,2021,31,2021-08-04,LC,L,Cx.,TAR,F,0,30,30,1,1
CSU16485,LV-069,2021,31,2021-08-01,LC,L,Cx.,PIP,F,0,2,2,1,1
CSU16549,LV-089,2021,31,2021-08-02,LC,L,Cx.,TAR,F,0,50,50,1,1
BOU00045,BC-15,2021,32,2021-08-09,BC,L,Cx.,TAR,F,0,50,50,1,0
CSU16658,LV-069,2021,32,2021-08-08,LC,L,Cx.,TAR,F,0,50,50,1,1
CSU16673,FC-040gr,2021,32,2021-08-08,LC,G,Cx.,PIP,F,50,0,50,1,1
CSU16674,FC-040gr,2021,32,2021-08-08,LC,G,Cx.,PIP,F,50,0,50,1,1
CSU16677,FC-036,2021,32,2021-08-08,LC,L,Cx.,TAR,F,0,30,30,1,1
CSU16683,FC-006,2021,32,2021-08-08,LC,L,Cx.,PIP,F,0,27,27,1,1
CSU16692,FC-066,2021,32,2021-08-08,LC,L,Cx.,TAR,F,0,50,50,1,1
CSU16712,FC-066gr,2021,32,2021-08-08,LC,G,Cx.,PIP,F,50,0,50,1,1
CSU16722,FC-039,2021,32,2021-08-09,LC,L,Cx.,TAR,F,0,19,19,1,1
CSU16728,FC-027,2021,32,2021-08-09,LC,L,Cx.,PIP,F,0,50,50,1,1
CSU16739,FC-050,2021,32,2021-08-09,LC,L,Cx.,PIP,F,0,36,36,1,1
CSU16740,FC-046,2021,32,2021-08-09,LC,L,Cx.,TAR,F,0,43,43,1,1
CSU16741,FC-046,2021,32,2021-08-09,LC,L,Cx.,PIP,F,0,44,44,1,1
CSU16742,FC-074,2021,32,2021-08-09,LC,L,Cx.,TAR,F,0,50,50,1,1
CSU16748,FC-075gr,2021,32,2021-08-09,LC,G,Cx.,PIP,F,50,0,50,1,1
CSU16750,FC-088gr,2021,32,2021-08-09,LC,G,Cx.,PIP,F,50,0,50,1,1
CSU16753,LV-020,2021,32,2021-08-10,LC,L,Cx.,TAR,F,0,50,50,1,1
CSU16754,LV-020,2021,32,2021-08-10,LC,L,Cx.,TAR,F,0,38,38,1,0
CSU16760,LC-001,2021,32,2021-08-10,LC,L,Cx.,TAR,F,0,37,37,1,0
CSU16763,LC-053,2021,32,2021-08-10,LC,L,Cx.,PIP,F,0,5,5,1,0
CSU16765,FC-052,2021,32,2021-08-10,LC,L,Cx.,TAR,F,0,3,3,1,0
CSU16773,FC-060,2021,32,2021-08-10,LC,L,Cx.,TAR,F,0,15,15,1,0
CSU16779,FC-063gr,2021,32,2021-08-10,LC,G,Cx.,PIP,F,50,0,50,1,0
CSU16780,FC-063gr,2021,32,2021-08-10,LC,G,Cx.,PIP,F,26,0,26,1,0
CSU16793,FC-029gr,2021,32,2021-08-11,LC,G,Cx.,PIP,F,50,0,50,1,0
CSU16795,FC-068,2021,32,2021-08-11,LC,L,Cx.,TAR,F,0,8,8,1,0
CSU16802,FC-089gr,2021,32,2021-08-11,LC,G,Cx.,PIP,F,50,0,50,1,0
CSU16805,FC-089gr,2021,32,2021-08-11,LC,G,Cx.,PIP,F,50,0,50,1,0
CSU16816,FC-034,2021,33,2021-08-15,LC,L,Cx.,TAR,F,0,47,47,1,0
CSU16817,FC-069,2021,33,2021-08-15,LC,L,Cx.,TAR,F,0,50,50,1,0
CSU16821,FC-040,2021,33,2021-08-15,LC,L,Cx.,TAR,F,0,36,36,1,0
CSU16831,FC-038,2021,33,2021-08-15,LC,L,Cx.,TAR,F,0,50,50,1,0
CSU16832,FC-038,2021,33,2021-08-15,LC,L,Cx.,TAR,F,0,16,16,1,0
CSU16844,LV-089,2021,33,2021-08-16,LC,L,Cx.,TAR,F,0,42,42,1,0
CSU16846,LV-104,2021,33,2021-08-16,LC,L,Cx.,TAR,F,0,50,50,1,0
CSU16876,FC-088gr,2021,33,2021-08-16,LC,G,Cx.,PIP,F,50,0,50,1,0
CSU16879,LV-020,2021,33,2021-08-17,LC,L,Cx.,PIP,F,0,18,18,1,0
CSU16900,FC-090gr,2021,33,2021-08-17,LC,G,Cx.,PIP,F,50,0,50,1,0
CSU16901,FC-090gr,2021,33,2021-08-17,LC,G,Cx.,PIP,F,50,0,50,1,0
CSU16902,FC-090gr,2021,33,2021-08-17,LC,G,Cx.,PIP,F,41,0,41,1,0
CSU16913,FC-001,2021,33,2021-08-18,LC,L,Cx.,TAR,F,0,6,6,1,0
CSU16920,FC-029gr,2021,33,2021-08-18,LC,G,Cx.,PIP,F,50,0,50,1,0
CSU16921,FC-029gr,2021,33,2021-08-18,LC,G,Cx.,PIP,F,50,0,50,1,0
CSU16922,FC-029gr,2021,33,2021-08-18,LC,G,Cx.,PIP,F,50,0,50,1,0
CSU16923,FC-029gr,2021,33,2021-08-18,LC,G,Cx.,PIP,F,50,0,50,1,0
CSU16924,FC-029gr,2021,33,2021-08-18,LC,G,Cx.,PIP,F,50,0,50,1,0
CSU16937,FC-089gr,2021,33,2021-08-18,LC,G,Cx.,PIP,F,50,0,50,1,0
CSU16938,FC-089gr,2021,33,2021-08-18,LC,G,Cx.,PIP,F,50,0,50,1,0
CSU16939,FC-089gr,2021,33,2021-08-18,LC,G,Cx.,PIP,F,50,0,50,1,0
CSU16940,FC-089gr,2021,33,2021-08-18,LC,G,Cx.,PIP,F,50,0,50,1,0
CSU16942,LV-069,2021,34,2021-08-22,LC,L,Cx.,TAR,F,0,29,29,1,0
CSU16946,FC-034,2021,34,2021-08-22,LC,L,Cx.,TAR,F,0,7,7,1,0
CSU16947,FC-040gr,2021,34,2021-08-22,LC,G,Cx.,PIP,F,50,0,50,1,0
CSU16948,FC-040gr,2021,34,2021-08-22,LC,G,Cx.,PIP,F,23,0,23,1,0
CSU16953,FC-092gr,2021,34,2021-08-22,LC,G,Cx.,PIP,F,17,0,17,1,0
CSU16972,FC-014,2021,34,2021-08-22,LC,L,Cx.,PIP,F,0,50,50,1,0
CSU16973,FC-014,2021,34,2021-08-22,LC,L,Cx.,PIP,F,0,50,50,1,0
CSU16977,FC-014,2021,34,2021-08-22,LC,L,Cx.,PIP,F,0,41,41,1,0
CSU17003,FC-075gr,2021,34,2021-08-23,LC,G,Cx.,PIP,F,21,0,21,1,0
CSU17006,FC-088gr,2021,34,2021-08-23,LC,G,Cx.,PIP,F,50,0,50,1,0
CSU17007,FC-088gr,2021,34,2021-08-23,LC,G,Cx.,PIP,F,50,0,50,1,0
CSU17020,FC-011,2021,34,2021-08-24,LC,L,Cx.,PIP,F,0,8,8,1,0
CSU17024,FC-063gr,2021,34,2021-08-24,LC,G,Cx.,PIP,F,50,0,50,1,0
CSU17025,FC-063gr,2021,34,2021-08-24,LC,G,Cx.,PIP,F,43,0,43,1,0
CSU17031,LC-054,2021,34,2021-08-24,LC,L,Cx.,PIP,F,0,20,20,1,0
CSU17032,LV-020,2021,34,2021-08-24,LC,L,Cx.,TAR,F,0,24,24,1,0
CSU17035,LC-001,2021,34,2021-08-24,LC,L,Cx.,TAR,F,0,34,34,1,0
CSU17041,FC-001,2021,34,2021-08-25,LC,L,Cx.,PIP,F,0,4,4,1,0
CSU17044,FC-029gr,2021,34,2021-08-25,LC,G,Cx.,PIP,F,47,0,47,1,0
CSU17054,LV-095,2021,35,2021-08-29,LC,L,Cx.,TAR,F,0,20,20,1,0
CSU17058,FC-075,2021,35,2021-08-29,LC,L,Cx.,TAR,F,0,15,15,1,0
CSU17060,FC-075gr,2021,35,2021-08-29,LC,G,Cx.,PIP,F,49,0,49,1,0
CSU17065,FC-088gr,2021,35,2021-08-29,LC,G,Cx.,PIP,F,30,0,30,1,0
CSU17077,FC-046,2021,35,2021-08-29,LC,L,Cx.,PIP,F,0,15,15,1,0
CSU17086,LV-089,2021,35,2021-08-30,LC,L,Cx.,PIP,F,0,18,18,1,0
CSU17098,FC-091gr,2021,35,2021-08-30,LC,G,Cx.,PIP,F,6,0,6,1,0
CSU17119,FC-060,2021,35,2021-08-31,LC,L,Cx.,PIP,F,0,5,5,1,0
CSU17124,FC-063gr,2021,35,2021-08-31,LC,G,Cx.,PIP,F,48,0,48,1,0
CSU17134,LC-053,2021,35,2021-08-31,LC,L,Cx.,TAR,F,0,9,9,1,0
CSU17142,FC-029gr,2021,35,2021-09-01,LC,G,Cx.,PIP,F,50,0,50,1,0
CSU17143,FC-029gr,2021,35,2021-09-01,LC,G,Cx.,PIP,F,27,0,27,1,0
CSU17149,FC-089gr,2021,35,2021-09-01,LC,G,Cx.,PIP,F,39,0,39,1,0
CSU17153,FC-088gr,2021,36,2021-09-06,LC,G,Cx.,PIP,F,26,0,26,1,0
CSU17168,FC-050,2021,36,2021-09-06,LC,L,Cx.,PIP,F,0,22,22,1,0
CSU17199,LV-089,2021,36,2021-09-07,LC,L,Cx.,TAR,F,0,5,5,1,0
CSU17209,FC-063gr,2021,36,2021-09-07,LC,G,Cx.,PIP,F,35,0,35,1,0
CSU17216,FC-029gr,2021,36,2021-09-08,LC,G,Cx.,PIP,F,47,0,47,1,0
CSU17221,FC-089gr,2021,36,2021-09-08,LC,G,Cx.,PIP,F,29,0,29,1,0
CSU17709,FC-064,2022,28,2022-07-12,LC,L,Cx.,Tarsalis,F,0,40,40,1,0
CSU17724,FC-074,2022,28,2022-07-12,LC,L,Cx.,Tarsalis,F,0,50,50,1,0
CSU17743,FC-031,2022,28,2022-07-12,LC,L,Cx.,Tarsalis,F,0,50,50,1,0
CSU17808,FC-071,2022,28,2022-07-14,LC,L,Cx.,Pipiens,F,0,1,1,1,0
BOU00093,BC-18,2022,28,2022-07-11,BC,L,Cx.,Tarsalis,F,0,49,49,1,0
CSU17875,LV-089,2022,29,2022-07-19,LC,L,Cx.,Tarsalis,F,0,50,50,1,0
CSU17884,FC-064,2022,29,2022-07-19,LC,L,Cx.,Tarsalis,F,0,50,50,1,0
CSU17887,FC-053,2022,29,2022-07-19,LC,L,Cx.,Tarsalis,F,0,50,50,1,0
CSU17891,FC-075,2022,29,2022-07-19,LC,L,Cx.,Tarsalis,F,0,22,22,1,0
CSU17952,LV-020,2022,29,2022-07-20,LC,L,Cx.,Tarsalis,F,0,50,50,1,0
CSU17969,FC-041,2022,29,2022-07-20,LC,L,Cx.,Tarsalis,F,0,25,25,1,0
CSU17986,FC-054,2022,29,2022-07-21,LC,L,Cx.,Tarsalis,F,0,50,50,1,0
CSU18019,LV-095,2022,30,2022-07-25,LC,L,Cx.,Tarsalis,F,0,26,26,1,0
CSU18033,FC-072,2022,30,2022-07-25,LC,L,Cx.,Tarsalis,F,0,22,22,1,0
CSU18055,FC-014,2022,30,2022-07-25,LC,L,Cx.,Pipiens,F,0,50,50,1,0
CSU18067,LV-089,2022,30,2022-07-26,LC,L,Cx.,Tarsalis,F,0,21,21,1,0
CSU18087,FC-075gr,2022,30,2022-07-26,LC,G,Cx.,Pipiens,F,34,0,34,1,0
CSU18104,FC-046,2022,30,2022-07-26,LC,L,Cx.,Tarsalis,F,0,50,50,1,0
CSU18123,LC-054,2022,30,2022-07-27,LC,L,Cx.,Pipiens,F,0,2,2,1,0
CSU18128,LV-020,2022,30,2022-07-27,LC,L,Cx.,Tarsalis,F,0,50,50,1,0
CSU18316,FC-037,2022,31,2022-08-04,LC,L,Cx.,Tarsalis,F,0,50,50,1,0
CSU18267,FC-046,2022,31,2022-08-02,LC,L,Cx.,Pipiens,F,0,15,15,1,0
CSU18258,FC-050,2022,31,2022-08-02,LC,L,Cx.,Pipiens,F,0,50,50,1,0
CSU18232,FC-064,2022,31,2022-08-02,LC,L,Cx.,Tarsalis,F,0,42,42,1,0
CSU18240,FC-074,2022,31,2022-08-02,LC,L,Cx.,Pipiens,F,0,14,14,1,0
CSU18253,FC-088gr,2022,31,2022-08-02,LC,G,Cx.,Pipiens,F,50,0,50,1,0
CSU18256,FC-088gr,2022,31,2022-08-02,LC,G,Cx.,Pipiens,F,26,0,26,1,0
CSU18321,FC-089gr,2022,31,2022-08-04,LC,G,Cx.,Pipiens,F,42,0,42,1,0
CSU18312,FC-093,2022,31,2022-08-04,LC,L,Cx.,Pipiens,F,0,3,3,1,0
CSU18285,LC-049,2022,31,2022-08-03,LC,L,Cx.,Tarsalis,F,0,50,50,1,0
CSU18165,LV-069,2022,31,2022-08-01,LC,L,Cx.,Tarsalis,F,0,37,37,1,0
CSU18217,LV-089,2022,31,2022-08-02,LC,L,Cx.,Tarsalis,F,0,50,50,1,0
CSU18220,LV-089,2022,31,2022-08-02,LC,L,Cx.,Tarsalis,F,0,50,50,1,0
CSU18167,LV-095,2022,31,2022-08-01,LC,L,Cx.,Tarsalis,F,0,50,50,1,0
CSU18231,LV-104,2022,31,2022-08-02,LC,L,Cx.,Pipiens,F,0,27,27,1,0
CSU18224,LV-110,2022,31,2022-08-02,LC,L,Cx.,Tarsalis,F,0,47,47,1,0
CSU18460,FC-001,2022,32,2022-08-11,LC,L,Cx.,Pipiens,F,0,46,46,1,0
CSU18479,FC-037,2022,32,2022-08-11,LC,L,Cx.,Tarsalis,F,0,50,50,1,0
CSU18341,FC-040,2022,32,2022-08-08,LC,L,Cx.,Tarsalis,F,0,50,50,1,0
CSU18386,FC-064,2022,32,2022-08-09,LC,L,Cx.,Tarsalis,F,0,50,50,1,0
CSU18399,FC-074,2022,32,2022-08-09,LC,L,Cx.,Tarsalis,F,0,31,31,1,0
CSU18439,FC-090gr,2022,32,2022-08-10,LC,G,Cx.,Pipiens,F,17,0,17,1,0
CSU18421,LC-001,2022,32,2022-08-10,LC,L,Cx.,Tarsalis,F,0,50,50,1,0
CSU18431,LC-049,2022,32,2022-08-10,LC,L,Cx.,Tarsalis,F,0,50,50,1,0
CSU18432,LC-049,2022,32,2022-08-10,LC,L,Cx.,Tarsalis,F,0,50,50,1,0
CSU18424,LC-054,2022,32,2022-08-10,LC,L,Cx.,Tarsalis,F,0,50,50,1,0
CSU18428,LC-054,2022,32,2022-08-10,LC,L,Cx.,Pipiens,F,0,31,31,1,0
CSU18417,LV-020,2022,32,2022-08-10,LC,L,Cx.,Tarsalis,F,0,50,50,1,0
CSU18495,FC-040gr,2022,33,2022-08-15,LC,G,Cx.,Pipiens,F,45,0,45,1,0
CSU18500,FC-092gr,2022,33,2022-08-15,LC,G,Cx.,Pipiens,F,22,0,22,1,0
CSU18504,FC-091gr,2022,33,2022-08-15,LC,G,Cx.,Pipiens,F,22,0,22,1,0
CSU18520,FC-066gr,2022,33,2022-08-15,LC,G,Cx.,Pipiens,F,10,0,10,1,0
CSU18572,FC-023,2022,33,2022-08-16,LC,L,Cx.,Pipiens,F,0,33,33,1,0
CSU18584,FC-050,2022,33,2022-08-16,LC,L,Cx.,Pipiens,F,0,50,50,1,0
CSU18629,FC-029gr,2022,33,2022-08-18,LC,L,Cx.,Pipiens,F,16,0,16,1,0
CSU18634,FC-089gr,2022,33,2022-08-18,LC,G,Cx.,Pipiens,F,40,0,40,1,0
CSU18501,FC-072,2022,33,2022-08-15,LC,L,Cx.,Tarsalis,F,0,50,50,1,0
CSU18509,FC-066,2022,33,2022-08-15,LC,L,Cx.,Tarsalis,F,0,50,50,1,0
CSU18522,FC-019,2022,33,2022-08-15,LC,L,Cx.,Tarsalis,F,0,49,49,1,0
CSU18529,FC-014,2022,33,2022-08-15,LC,L,Cx.,Tarsalis,F,0,50,50,1,0
CSU18573,FC-074,2022,33,2022-08-16,LC,L,Cx.,Tarsalis,F,0,50,50,1,0
CSU18596,FC-041,2022,33,2022-08-17,LC,L,Cx.,Tarsalis,F,0,31,31,1,0
CSU18627,FC-054,2022,33,2022-08-18,LC,L,Cx.,Tarsalis,F,0,43,43,1,0
CSU18484,LV-069,2022,33,2022-08-15,LC,L,Cx.,Tarsalis,F,0,18,18,1,0
CSU18544,LV-089,2022,33,2022-08-16,LC,L,Cx.,Tarsalis,F,0,50,50,1,0
CSU18657,FC-038,2022,34,2022-08-22,LC,L,Cx.,Tarsalis,F,0,45,45,1,0
CSU18664,FC-040,2022,34,2022-08-22,LC,L,Cx.,Tarsalis,F,0,50,50,1,0
CSU18672,FC-072,2022,34,2022-08-22,LC,L,Cx.,Tarsalis,F,0,50,50,1,0
CSU18680,FC-019,2022,34,2022-08-22,LC,L,Cx.,Tarsalis,F,0,29,29,1,0
CSU18685,FC-066,2022,34,2022-08-22,LC,L,Cx.,Tarsalis,F,0,50,50,1,0
CSU18686,FC-066,2022,34,2022-08-22,LC,L,Cx.,Tarsalis,F,0,13,13,1,0
CSU18716,LV-104,2022,34,2022-08-23,LC,L,Cx.,Tarsalis,F,0,40,40,1,0
CSU18718,LV-104,2022,34,2022-08-23,LC,L,Cx.,Pipiens,F,0,50,50,1,0
CSU18724,FC-064,2022,34,2022-08-23,LC,L,Cx.,Tarsalis,F,0,16,16,1,0
CSU18742,FC-088gr,2022,34,2022-08-23,LC,G,Cx.,Pipiens,F,50,0,50,1,0
CSU18749,FC-004,2022,34,2022-08-23,LC,L,Cx.,Tarsalis,F,0,50,50,1,0
CSU18757,FC-059,2022,34,2022-08-23,LC,L,Cx.,Pipiens,F,0,22,22,1,0
CSU18765,FC-052,2022,34,2022-08-24,LC,L,Cx.,Tarsalis,F,0,12,12,1,0
CSU18770,FC-061,2022,34,2022-08-24,LC,L,Cx.,Pipiens,F,0,26,26,1,0
CSU18771,LV-020,2022,34,2022-08-24,LC,L,Cx.,Tarsalis,F,0,31,31,1,0
CSU18801,FC-049,2022,34,2022-08-24,LC,L,Cx.,Tarsalis,F,0,2,2,1,0
CSU18803,FC-001,2022,34,2022-08-25,LC,L,Cx.,Tarsalis,F,0,41,41,1,0
CSU18809,FC-054,2022,34,2022-08-25,LC,L,Cx.,Pipiens,F,0,10,10,1,0
CSU18819,FC-037,2022,34,2022-08-25,LC,L,Cx.,Tarsalis,F,0,50,50,1,0
CSU18825,FC-089gr,2022,34,2022-08-25,LC,L,Cx.,Pipiens,F,50,0,50,1,0
CSU18826,FC-089gr,2022,34,2022-08-25,LC,L,Cx.,Pipiens,F,50,0,50,1,0
CSU18827,FC-089gr,2022,34,2022-08-25,LC,L,Cx.,Pipiens,F,50,0,50,1,0
CSU18830,FC-089gr,2022,34,2022-08-25,LC,L,Cx.,Pipiens,F,40,0,40,1,0
CSU18903,LC-049,2022,35,2022-08-31,LC,L,Cx.,Pipiens,F,0,2,2,1,0
CSU18832,FC-001,2022,35,2022-08-29,LC,L,Cx.,Pipiens,F,0,44,44,1,0
CSU18843,FC-029gr,2022,35,2022-08-29,LC,G,Cx.,Pipiens,F,48,0,48,1,0
CSU18851,FC-089gr,2022,35,2022-08-29,LC,G,Cx.,Pipiens,F,50,0,50,1,0
CSU18852,FC-089gr,2022,35,2022-08-29,LC,G,Cx.,Pipiens,F,50,0,50,1,0
CSU18865,FC-038,2022,35,2022-08-30,LC,L,Cx.,Pipiens,F,0,22,22,1,0
CSU18879,FC-040gr,2022,35,2022-08-30,LC,G,Cx.,Pipiens,F,50,0,50,1,0
CSU18880,FC-040gr,2022,35,2022-08-30,LC,G,Cx.,Pipiens,F,50,0,50,1,0
CSU18918,FC-088gr,2022,35,2022-08-31,LC,G,Cx.,Pipiens,F,50,0,50,1,0
CSU18921,FC-004,2022,35,2022-08-31,LC,L,Cx.,Pipiens,F,0,50,50,1,0
CSU18925,FC-027,2022,35,2022-08-31,LC,L,Cx.,Pipiens,F,0,45,45,1,0
CSU18932,FC-050,2022,35,2022-08-31,LC,L,Cx.,Pipiens,F,0,50,50,1,0
CSU18837,FC-029,2022,35,2022-08-29,LC,L,Cx.,Tarsalis,F,0,21,21,1,0
CSU18885,FC-014,2022,35,2022-08-30,LC,L,Cx.,Tarsalis,F,0,17,17,1,0
CSU18904,FC-064,2022,35,2022-08-31,LC,L,Cx.,Tarsalis,F,0,9,9,1,0
CSU18908,FC-053,2022,35,2022-08-31,LC,L,Cx.,Tarsalis,F,0,17,17,1,0
CSU18914,FC-074,2022,35,2022-08-31,LC,L,Cx.,Tarsalis,F,0,50,50,1,0
CSU18920,FC-004,2022,35,2022-08-31,LC,L,Cx.,Tarsalis,F,0,20,20,1,0
CSU18945,FC-090gr,2022,35,2022-09-01,LC,G,Cx.,Tarsalis,F,1,0,1,1,0
CSU18959,FC-049,2022,35,2022-09-01,LC,L,Cx.,Tarsalis,F,0,10,10,1,0
CSU18835,LV-095,2022,35,2022-08-29,LC,L,Cx.,Tarsalis,F,0,25,25,1,0
CSU18856,LV-089,2022,35,2022-08-30,LC,L,Cx.,Tarsalis,F,0,25,25,1,0
CSU18896,LV-020,2022,35,2022-08-31,LC,L,Cx.,Tarsalis,F,0,50,50,1,0
CSU18971,LV-020,2022,36,2022-09-07,LC,L,Cx.,Tarsalis,F,0,35,35,1,0
CSU18981,FC-063gr,2022,36,2022-09-07,LC,G,Cx.,Pipiens,F,10,0,10,1,0
CSU18996,FC-040gr,2022,36,2022-09-07,LC,G,Cx.,Pipiens,F,39,0,39,1,0
CSU19030,FC-074,2022,36,2022-09-08,LC,L,Cx.,Pipiens,F,0,18,18,1,0
CSU19050,FC-088gr,2022,36,2022-09-08,LC,G,Cx.,Pipiens,F,42,0,42,1,0
CSU19101,FC-029gr,2022,37,2022-09-13,LC,G,Cx.,Pipiens,F,19,0,19,1,0
CSU19115,FC-038,2022,37,2022-09-14,LC,L,Cx.,Pipiens,F,0,30,30,1,0
CSU19124,FC-006,2022,37,2022-09-14,LC,L,Cx.,Pipiens,F,0,8,8,1,0
CSU19127,FC-092gr,2022,37,2022-09-14,LC,G,Cx.,Pipiens,F,41,0,41,1,0
CSU19142,FC-066,2022,37,2022-09-14,LC,L,Cx.,Pipiens,F,0,50,50,1,0
CSU20991,LV-095,2023,31,2023-07-31,LC,L,Cx.,Tarsalis,F,0,50,50,1,0
CSU20994,FC-064,2023,31,2023-07-31,LC,L,Cx.,Tarsalis,F,0,50,50,1,0
CSU21000,FC-053,2023,31,2023-07-31,LC,L,Cx.,Tarsalis,F,0,50,50,1,0
CSU21003,FC-075gr,2023,31,2023-07-31,LC,G,Cx.,Pipiens,F,48,0,48,1,0
CSU21004,FC-074,2023,31,2023-07-31,LC,L,Cx.,Tarsalis,F,0,50,50,1,0
CSU21011,FC-039,2023,31,2023-07-31,LC,L,Cx.,Tarsalis,F,0,50,50,1,0
CSU21012,FC-039,2023,31,2023-07-31,LC,L,Cx.,Tarsalis,F,0,50,50,1,0
CSU21013,FC-039,2023,31,2023-07-31,LC,L,Cx.,Tarsalis,F,0,50,50,1,0
CSU21014,FC-039,2023,31,2023-07-31,LC,L,Cx.,Tarsalis,F,0,29,29,1,0
CSU21016,FC-088gr,2023,31,2023-07-31,LC,G,Cx.,Pipiens,F,50,0,50,1,0
CSU21017,FC-088gr,2023,31,2023-07-31,LC,G,Cx.,Pipiens,F,50,0,50,1,0
CSU21029,FC-004,2023,31,2023-07-31,LC,L,Cx.,Tarsalis,F,0,50,50,1,0
CSU21041,FC-031,2023,31,2023-07-31,LC,L,Cx.,Tarsalis,F,0,50,50,1,0
CSU21046,FC-031,2023,31,2023-07-31,LC,L,Cx.,Tarsalis,F,0,50,50,1,0
CSU21052,FC-031,2023,31,2023-07-31,LC,L,Cx.,Tarsalis,F,0,50,50,1,0
CSU21054,FC-031,2023,31,2023-07-31,LC,L,Cx.,Pipiens,F,0,44,44,1,0
CSU21067,FC-067,2023,31,2023-08-01,LC,L,Cx.,Tarsalis,F,0,12,12,1,0
CSU21090,FC-063gr,2023,31,2023-08-02,LC,G,Cx.,Tarsalis,F,1,0,1,1,0
CSU21091,FC-063gr,2023,31,2023-08-02,LC,G,Cx.,Pipiens,F,50,0,50,1,0
CSU21107,FC-011,2023,31,2023-08-02,LC,L,Cx.,Pipiens,F,0,2,2,1,0
CSU21109,FC-041,2023,31,2023-08-02,LC,L,Cx.,Pipiens,F,0,7,7,1,0
CSU21111,FC-073,2023,31,2023-08-02,LC,L,Cx.,Tarsalis,F,0,45,45,1,0
CSU21113,FC-061,2023,31,2023-08-02,LC,L,Cx.,Tarsalis,F,0,50,50,1,0
CSU21116,FC-052,2023,31,2023-08-02,LC,L,Cx.,Tarsalis,F,0,17,17,1,0
CSU21122,FC-029,2023,31,2023-08-03,LC,L,Cx.,Pipiens,F,0,8,8,1,0
CSU21126,FC-029gr,2023,31,2023-08-03,LC,G,Cx.,Pipiens,F,46,0,46,1,0
CSU21129,FC-057,2023,31,2023-08-03,LC,L,Cx.,Tarsalis,F,0,50,50,1,0
CSU21132,FC-037,2023,31,2023-08-03,LC,L,Cx.,Tarsalis,F,0,5,5,1,0
CSU21136,FC-089gr,2023,31,2023-08-03,LC,G,Cx.,Pipiens,F,33,0,33,1,0
CSU19558,FC-064,2023,26,2023-06-27,LC,L,Cx.,Tarsalis,F,0,50,50,1,0
CSU19708,LV-104,2023,27,2023-07-03,LC,L,Cx.,Tarsalis,F,0,50,50,1,0
CSU19758,LV-095,2023,27,2023-07-03,LC,L,Cx.,Tarsalis,F,0,50,50,1,0
CSU19819,LC-001,2023,27,2023-07-04,LC,L,Cx.,Pipiens,F,0,4,4,1,0
CSU19820,LC-049,2023,27,2023-07-04,LC,L,Cx.,Tarsalis,F,0,50,50,1,0
CSU19889,FC-039,2023,27,2023-07-04,LC,L,Cx.,Tarsalis,F,0,50,50,1,0
CSU19890,FC-039,2023,27,2023-07-04,LC,L,Cx.,Tarsalis,F,0,50,50,1,0
CSU19913,FC-059,2023,27,2023-07-04,LC,L,Cx.,Tarsalis,F,0,9,9,1,0
CSU19998,FC-054,2023,27,2023-07-06,LC,L,Cx.,Tarsalis,F,0,50,50,1,0
CSU20022,FC-072,2023,28,2023-07-10,LC,L,Cx.,Tarsalis,F,0,50,50,1,0
CSU20059,LV-089,2023,28,2023-07-11,LC,L,Cx.,Tarsalis,F,0,50,50,1,0
CSU20073,FC-064,2023,28,2023-07-11,LC,L,Cx.,Tarsalis,F,0,50,50,1,0
CSU20076,FC-064,2023,28,2023-07-11,LC,L,Cx.,Tarsalis,F,0,50,50,1,0
CSU20089,FC-039,2023,28,2023-07-11,LC,L,Cx.,Tarsalis,F,0,50,50,1,0
CSU20094,FC-039,2023,28,2023-07-11,LC,L,Cx.,Tarsalis,F,0,50,50,1,0
CSU20117,FC-059,2023,28,2023-07-11,LC,L,Cx.,Tarsalis,F,0,50,50,1,0
CSU20124,FC-004,2023,28,2023-07-11,LC,L,Cx.,Tarsalis,F,0,50,50,1,0
CSU20165,FC-031,2023,28,2023-07-11,LC,L,Cx.,Tarsalis,F,0,50,50,1,0
CSU20170,FC-031,2023,28,2023-07-11,LC,L,Cx.,Tarsalis,F,0,42,42,1,0
CSU20190,FC-046,2023,28,2023-07-11,LC,L,Cx.,Tarsalis,F,0,50,50,1,0
CSU20201,WC-055,2023,28,2023-07-12,LC,L,Cx.,Tarsalis,F,0,50,50,1,0
CSU20202,WC-055,2023,28,2023-07-12,LC,L,Cx.,Tarsalis,F,0,50,50,1,0
CSU20263,FC-061,2023,28,2023-07-12,LC,L,Cx.,Pipiens,F,0,50,50,1,0
CSU20266,FC-029gr,2023,28,2023-07-13,LC,G,Cx.,Pipiens,F,50,0,50,1,0
CSU20296,FC-093,2023,28,2023-07-13,LC,L,Cx.,Tarsalis,F,0,50,50,1,0
CSU20301,FC-089gr,2023,28,2023-07-13,LC,G,Cx.,Pipiens,F,49,0,49,1,0
CSU20304,FC-029,2023,28,2023-07-13,LC,L,Cx.,Tarsalis,F,0,50,50,1,0
CSU20332,FC-037,2023,28,2023-07-13,LC,L,Cx.,Tarsalis,F,0,50,50,1,0
CSU20344,LV-095,2023,29,2023-07-17,LC,L,Cx.,Tarsalis,F,0,50,50,1,0
CSU20352,FC-069,2023,29,2023-07-17,LC,L,Cx.,Tarsalis,F,0,50,50,1,0
CSU20355,FC-038,2023,29,2023-07-17,LC,L,Cx.,Tarsalis,F,0,50,50,1,0
CSU20357,FC-038,2023,29,2023-07-17,LC,L,Cx.,Tarsalis,F,0,50,50,1,0
CSU20361,FC-038,2023,29,2023-07-17,LC,L,Cx.,Tarsalis,F,0,42,42,1,0
CSU20378,FC-006,2023,29,2023-07-17,LC,L,Cx.,Tarsalis,F,0,50,50,1,0
CSU20400,FC-072,2023,29,2023-07-17,LC,L,Cx.,Tarsalis,F,0,50,50,1,0
CSU20401,FC-072,2023,29,2023-07-17,LC,L,Cx.,Tarsalis,F,0,50,50,1,0
CSU20425,FC-019,2023,29,2023-07-17,LC,L,Cx.,Pipiens,F,0,50,50,1,0
CSU20426,FC-019,2023,29,2023-07-17,LC,L,Cx.,Pipiens,F,0,6,6,1,0
CSU20435,FC-066,2023,29,2023-07-17,LC,L,Cx.,Pipiens,F,0,40,40,1,0
CSU20443,FC-014,2023,29,2023-07-17,LC,L,Cx.,Tarsalis,F,0,50,50,1,0
CSU20451,FC-014,2023,29,2023-07-17,LC,L,Cx.,Tarsalis,F,0,50,50,1,0
CSU20458,FC-014,2023,29,2023-07-17,LC,L,Cx.,Tarsalis,F,0,50,50,1,0
CSU20479,FC-064,2023,29,2023-07-18,LC,L,Cx.,Tarsalis,F,0,50,50,1,0
CSU20483,FC-064,2023,29,2023-07-18,LC,L,Cx.,Tarsalis,F,0,50,50,1,0
CSU20485,FC-064,2023,29,2023-07-18,LC,L,Cx.,Tarsalis,F,0,50,50,1,0
CSU20490,FC-053,2023,29,2023-07-18,LC,L,Cx.,Tarsalis,F,0,50,50,1,0
CSU20493,FC-053,2023,29,2023-07-18,LC,L,Cx.,Tarsalis,F,0,50,50,1,0
CSU20508,FC-075,2023,29,2023-07-18,LC,L,Cx.,Pipiens,F,0,6,6,1,0
CSU20510,FC-075gr,2023,29,2023-07-18,LC,G,Cx.,Pipiens,F,50,0,50,1,0
CSU20534,FC-088gr,2023,29,2023-07-18,LC,G,Cx.,Pipiens,F,32,0,32,1,0
CSU20559,FC-039,2023,29,2023-07-18,LC,L,Cx.,Tarsalis,F,0,50,50,1,0
CSU20561,FC-039,2023,29,2023-07-18,LC,L,Cx.,Tarsalis,F,0,50,50,1,0
CSU20592,FC-074,2023,29,2023-07-18,LC,L,Cx.,Tarsalis,F,0,50,50,1,0
CSU20599,FC-031,2023,29,2023-07-18,LC,L,Cx.,Tarsalis,F,0,50,50,1,0
CSU20621,LC-001,2023,29,2023-07-19,LC,L,Cx.,Tarsalis,F,0,50,50,1,0
CSU20631,WC-055,2023,29,2023-07-19,LC,L,Cx.,Tarsalis,F,0,50,50,1,0
CSU20659,FC-090gr,2023,29,2023-07-19,LC,G,Cx.,Pipiens,F,43,0,43,1,0
CSU20661,FC-063gr,2023,29,2023-07-19,LC,G,Cx.,Pipiens,F,50,0,50,1,0
CSU20662,FC-063gr,2023,29,2023-07-19,LC,G,Cx.,Pipiens,F,50,0,50,1,0
CSU20664,FC-063gr,2023,29,2023-07-19,LC,G,Cx.,Pipiens,F,50,0,50,1,0
CSU20666,FC-063gr,2023,29,2023-07-19,LC,G,Cx.,Pipiens,F,24,0,24,1,0
CSU20669,FC-063,2023,29,2023-07-19,LC,L,Cx.,Tarsalis,F,0,32,32,1,0
CSU20703,FC-011,2023,29,2023-07-19,LC,L,Cx.,Tarsalis,F,0,50,50,1,0
CSU20708,FC-001,2023,29,2023-07-20,LC,L,Cx.,Tarsalis,F,0,50,50,1,0
CSU20709,FC-001,2023,29,2023-07-20,LC,L,Cx.,Tarsalis,F,0,50,50,1,0
CSU20710,FC-001,2023,29,2023-07-20,LC,L,Cx.,Tarsalis,F,0,50,50,1,0
CSU20712,FC-001,2023,29,2023-07-20,LC,L,Cx.,Pipiens,F,0,15,15,1,0
CSU20716,FC-029,2023,29,2023-07-20,LC,L,Cx.,Tarsalis,F,0,50,50,1,0
CSU20724,FC-054,2023,29,2023-07-20,LC,L,Cx.,Pipiens,F,0,3,3,1,0
CSU20728,FC-071,2023,29,2023-07-20,LC,L,Cx.,Tarsalis,F,0,27,27,1,0
CSU20760,FC-037,2023,29,2023-07-20,LC,L,Cx.,Tarsalis,F,0,50,50,1,0
CSU20764,FC-037,2023,29,2023-07-20,LC,L,Cx.,Tarsalis,F,0,23,23,1,0
BOU00163,BC-25,2023,29,2023-07-17,BC,L,Cx.,Tarsalis,F,0,49,49,1,0
BOU00166,BC-22,2023,29,2023-07-17,BC,L,Cx.,Tarsalis,F,0,49,49,1,0
BOU00167,BC-04,2023,29,2023-07-17,BC,L,Cx.,Tarsalis,F,0,49,49,1,0
BOU00174,BC-26,2023,30,2023-07-24,BC,L,Cx.,Tarsalis,F,0,49,49,1,0
CSU20941,LC-001,2023,30,2023-07-26,LC,L,Cx.,Tarsalis,F,0,50,50,1,0
CSU20778,FC-040gr,2023,30,2023-07-24,LC,G,Cx.,Pipiens,F,50,0,50,1,0
CSU20802,FC-091gr,2023,30,2023-07-24,LC,G,Cx.,Pipiens,F,39,0,39,1,0
CSU20873,FC-075gr,2023,30,2023-07-25,LC,G,Cx.,Pipiens,F,50,0,50,1,0
CSU20885,FC-088gr,2023,30,2023-07-25,LC,G,Cx.,Pipiens,F,50,0,50,1,0
CSU20886,FC-088gr,2023,30,2023-07-25,LC,G,Cx.,Pipiens,F,13,0,13,1,0
CSU20914,FC-054,2023,30,2023-07-26,LC,L,Cx.,Pipiens,F,0,11,11,1,0
CSU20812,FC-072,2023,30,2023-07-24,LC,L,Cx.,Tarsalis,F,0,47,47,1,0
CSU20818,FC-067,2023,30,2023-07-24,LC,L,Cx.,Tarsalis,F,0,29,29,1,0
CSU20828,FC-014,2023,30,2023-07-24,LC,L,Cx.,Tarsalis,F,0,50,50,1,0
CSU20834,FC-014,2023,30,2023-07-24,LC,L,Cx.,Tarsalis,F,0,50,50,1,0
CSU20846,FC-066,2023,30,2023-07-24,LC,L,Cx.,Tarsalis,F,0,50,50,1,0
CSU20879,FC-053,2023,30,2023-07-25,LC,L,Cx.,Tarsalis,F,0,50,50,1,0
CSU20887,FC-004,2023,30,2023-07-25,LC,L,Cx.,Tarsalis,F,0,50,50,1,0
CSU20919,FC-057,2023,30,2023-07-26,LC,L,Cx.,Tarsalis,F,0,35,35,1,0
CSU20921,FC-037,2023,30,2023-07-26,LC,L,Cx.,Tarsalis,F,0,50,50,1,0
CSU20922,FC-037,2023,30,2023-07-26,LC,L,Cx.,Tarsalis,F,0,50,50,1,0
CSU20928,FC-037,2023,30,2023-07-26,LC,L,Cx.,Tarsalis,F,0,50,50,1,0
CSU20929,FC-037,2023,30,2023-07-26,LC,L,Cx.,Tarsalis,F,0,30,30,1,0
CSU20948,FC-049,2023,30,2023-07-26,LC,L,Cx.,Tarsalis,F,0,50,50,1,0
CSU20958,FC-093,2023,30,2023-07-26,LC,L,Cx.,Tarsalis,F,0,26,26,1,0
CSU20980,FC-052,2023,30,2023-07-27,LC,L,Cx.,Tarsalis,F,0,50,50,1,0
CSU20983,FC-061,2023,30,2023-07-27,LC,L,Cx.,Tarsalis,F,0,50,50,1,0
CSU20767,LV-069,2023,30,2023-07-24,LC,L,Cx.,Tarsalis,F,0,40,40,1,0
CSU20859,LV-110,2023,30,2023-07-25,LC,L,Cx.,Tarsalis,F,0,50,50,1,0
CSU20862,LV-089,2023,30,2023-07-25,LC,L,Cx.,Tarsalis,F,0,50,50,1,0
CSU20863,LV-089,2023,30,2023-07-25,LC,L,Cx.,Tarsalis,F,0,50,50,1,0
CSU20866,LV-104,2023,30,2023-07-25,LC,L,Cx.,Tarsalis,F,0,50,50,1,0
CSU20931,LV-020,2023,30,2023-07-26,LC,L,Cx.,Tarsalis,F,0,50,50,1,0
CSU20932,LV-020,2023,30,2023-07-26,LC,L,Cx.,Tarsalis,F,0,50,50,1,0
CSU20933,LV-020,2023,30,2023-07-26,LC,L,Cx.,Tarsalis,F,0,50,50,1,0
CSU21009,FC-075,2023,31,2023-07-31,LC,L,Cx.,Pipiens,F,0,20,20,1,0
CSU21010,FC-039,2023,31,2023-07-31,LC,L,Cx.,Tarsalis,F,0,50,50,1,0
BOU00181,BC-25,2023,32,2023-08-07,BC,L,Cx.,Tarsalis,F,0,41,41,1,0
CSU21138,LV-095,2023,32,2023-08-07,LC,L,Cx.,Tarsalis,F,0,50,50,1,0
CSU21139,LV-095,2023,32,2023-08-07,LC,L,Cx.,Tarsalis,F,0,50,50,1,0
CSU21142,FC-038,2023,32,2023-08-07,LC,L,Cx.,Tarsalis,F,0,28,28,1,0
CSU21144,FC-034,2023,32,2023-08-07,LC,L,Cx.,Tarsalis,F,0,33,33,1,0
CSU21146,FC-069,2023,32,2023-08-07,LC,L,Cx.,Tarsalis,F,0,18,18,1,0
CSU21153,FC-036,2023,32,2023-08-07,LC,L,Cx.,Tarsalis,F,0,36,36,1,0
CSU21158,FC-091gr,2023,32,2023-08-07,LC,G,Cx.,Pipiens,F,18,0,18,1,0
CSU21180,FC-093,2023,32,2023-08-08,LC,L,Cx.,Tarsalis,F,0,8,8,1,0
CSU21186,FC-063gr,2023,32,2023-08-08,LC,G,Cx.,Pipiens,F,36,0,36,1,0
CSU21194,FC-057,2023,32,2023-08-08,LC,L,Cx.,Tarsalis,F,0,50,50,1,0
CSU21197,LC-054,2023,32,2023-08-09,LC,L,Cx.,Tarsalis,F,0,50,50,1,0
CSU21198,LC-054,2023,32,2023-08-09,LC,L,Cx.,Tarsalis,F,0,50,50,1,0
CSU21199,LC-054,2023,32,2023-08-09,LC,L,Cx.,Tarsalis,F,0,24,24,1,0
CSU21201,LV-020,2023,32,2023-08-09,LC,L,Cx.,Tarsalis,F,0,50,50,1,0
CSU21203,LV-020,2023,32,2023-08-09,LC,L,Cx.,Tarsalis,F,0,50,50,1,0
CSU21205,LC-053,2023,32,2023-08-09,LC,L,Cx.,Tarsalis,F,0,50,50,1,0
CSU21212,WC-055,2023,32,2023-08-09,LC,L,Cx.,Tarsalis,F,0,50,50,1,0
CSU21221,FC-039,2023,32,2023-08-09,LC,L,Cx.,Tarsalis,F,0,24,24,1,0
CSU21223,FC-053,2023,32,2023-08-09,LC,L,Cx.,Tarsalis,F,0,50,50,1,0
CSU21224,FC-053,2023,32,2023-08-09,LC,L,Cx.,Tarsalis,F,0,26,26,1,0
CSU21229,FC-075gr,2023,32,2023-08-09,LC,G,Cx.,Pipiens,F,50,0,50,1,0
CSU21231,FC-074,2023,32,2023-08-09,LC,L,Cx.,Tarsalis,F,0,42,42,1,0
CSU21233,FC-088gr,2023,32,2023-08-09,LC,G,Cx.,Pipiens,F,50,0,50,1,0
CSU21236,FC-088gr,2023,32,2023-08-09,LC,G,Cx.,Pipiens,F,50,0,50,1,0
CSU21257,FC-060,2023,32,2023-08-10,LC,L,Cx.,Pipiens,F,0,7,7,1,0
CSU21265,FC-029gr,2023,32,2023-08-10,LC,G,Cx.,Tarsalis,F,4,0,4,1,0
CSU21267,FC-073,2023,32,2023-08-10,LC,L,Cx.,Tarsalis,F,0,50,50,1,0
CSU21268,FC-073,2023,32,2023-08-10,LC,L,Cx.,Tarsalis,F,0,4,4,1,0
CSU21277,LV-095,2023,33,2023-08-14,LC,L,Cx.,Pipiens,F,0,50,50,1,0
CSU21282,FC-069,2023,33,2023-08-14,LC,L,Cx.,Tarsalis,F,0,10,10,1,0
CSU21283,FC-069,2023,33,2023-08-14,LC,L,Cx.,Pipiens,F,0,4,4,1,0
CSU21285,FC-040gr,2023,33,2023-08-14,LC,G,Cx.,Pipiens,F,19,0,19,1,0
CSU21289,FC-092gr,2023,33,2023-08-14,LC,G,Cx.,Pipiens,F,40,0,40,1,0
CSU21290,FC-040,2023,33,2023-08-14,LC,L,Cx.,Tarsalis,F,0,50,50,1,0
CSU21291,FC-040,2023,33,2023-08-14,LC,L,Cx.,Tarsalis,F,0,25,25,1,0
CSU21292,FC-040,2023,33,2023-08-14,LC,L,Cx.,Pipiens,F,0,50,50,1,0
CSU21301,FC-019,2023,33,2023-08-14,LC,L,Cx.,Pipiens,F,0,44,44,1,0
CSU21315,LV-089,2023,33,2023-08-15,LC,L,Cx.,Tarsalis,F,0,50,50,1,0
CSU21317,LV-089,2023,33,2023-08-15,LC,L,Cx.,Tarsalis,F,0,50,50,1,0
CSU21334,FC-064,2023,33,2023-08-15,LC,L,Cx.,Tarsalis,F,0,7,7,1,0
CSU21337,FC-039,2023,33,2023-08-15,LC,L,Cx.,Pipiens,F,0,18,18,1,0
CSU21352,LV-020,2023,33,2023-08-16,LC,L,Cx.,Tarsalis,F,0,50,50,1,0
CSU21364,FC-011,2023,33,2023-08-16,LC,L,Cx.,Pipiens,F,0,11,11,1,0
CSU21365,FC-041,2023,33,2023-08-16,LC,L,Cx.,Tarsalis,F,0,29,29,1,0
CSU21371,FC-063gr,2023,33,2023-08-16,LC,G,Cx.,Pipiens,F,50,0,50,1,0
CSU21372,FC-063gr,2023,33,2023-08-16,LC,G,Cx.,Pipiens,F,6,0,6,1,0
CSU21373,FC-001,2023,33,2023-08-17,LC,L,Cx.,Tarsalis,F,0,18,18,1,0
CSU21374,FC-001,2023,33,2023-08-17,LC,L,Cx.,Pipiens,F,0,10,10,1,0
CSU21382,FC-071,2023,33,2023-08-17,LC,L,Cx.,Tarsalis,F,0,11,11,1,0
CSU21389,FC-037,2023,33,2023-08-17,LC,L,Cx.,Tarsalis,F,0,50,50,1,0
CSU21391,FC-037,2023,33,2023-08-17,LC,L,Cx.,Tarsalis,F,0,50,50,1,0
CSU21393,FC-037,2023,33,2023-08-17,LC,L,Cx.,Pipiens,F,0,50,50,1,0
BOU00190,BC-04,2023,33,2023-08-14,BC,L,Cx.,Tarsalis,F,0,31,31,1,0
BOU00193,BC-27,2023,34,2023-08-21,BC,L,Cx.,Tarsalis,F,0,49,49,1,0
CSU21405,FC-075,2023,34,2023-08-21,LC,L,Cx.,Pipiens,F,0,8,8,1,0
CSU21406,FC-075gr,2023,34,2023-08-21,LC,G,Cx.,Pipiens,F,31,0,31,1,0
CSU21409,FC-088gr,2023,34,2023-08-21,LC,G,Cx.,Pipiens,F,37,0,37,1,0
CSU21413,FC-047,2023,34,2023-08-21,LC,L,Cx.,Pipiens,F,0,3,3,1,0
CSU21418,FC-031,2023,34,2023-08-21,LC,L,Cx.,Tarsalis,F,0,50,50,1,0
CSU21422,FC-031,2023,34,2023-08-21,LC,L,Cx.,Pipiens,F,0,28,28,1,0
CSU21438,FC-034,2023,34,2023-08-22,LC,L,Cx.,Tarsalis,F,0,14,14,1,0
CSU21445,LV-089,2023,34,2023-08-22,LC,L,Cx.,Pipiens,F,0,26,26,1,0
CSU21454,FC-072,2023,34,2023-08-22,LC,L,Cx.,Pipiens,F,0,1,1,1,0
CSU21455,FC-091gr,2023,34,2023-08-22,LC,G,Cx.,Pipiens,F,26,0,26,1,0
CSU21459,FC-066gr,2023,34,2023-08-22,LC,G,Cx.,Tarsalis,F,2,0,2,1,0
CSU21466,FC-061,2023,34,2023-08-23,LC,L,Cx.,Tarsalis,F,0,21,21,1,0
CSU21481,LC-049,2023,34,2023-08-23,LC,L,Cx.,Tarsalis,F,0,33,33,1,0
CSU21484,FC-090gr,2023,34,2023-08-23,LC,G,Cx.,Pipiens,F,21,0,21,1,0
CSU21485,LC-001,2023,34,2023-08-23,LC,L,Cx.,Tarsalis,F,0,50,50,1,0
CSU21490,WC-055,2023,34,2023-08-23,LC,L,Cx.,Tarsalis,F,0,50,50,1,0
CSU21491,WC-055,2023,34,2023-08-23,LC,L,Cx.,Tarsalis,F,0,25,25,1,0
CSU21493,FC-011,2023,34,2023-08-23,LC,L,Cx.,Tarsalis,F,0,1,1,1,0
CSU21496,FC-063gr,2023,34,2023-08-23,LC,G,Cx.,Pipiens,F,50,0,50,1,0
CSU21516,FC-037,2023,34,2023-08-24,LC,L,Cx.,Pipiens,F,0,31,31,1,0
CSU21517,FC-089gr,2023,34,2023-08-24,LC,G,Cx.,Pipiens,F,15,0,15,1,0
CSU21518,FC-071,2023,34,2023-08-24,LC,L,Cx.,Tarsalis,F,0,7,7,1,0
CSU21522,FC-093,2023,34,2023-08-24,LC,L,Cx.,Tarsalis,F,0,20,20,1,0
CSU21526,FC-029gr,2023,34,2023-08-24,LC,G,Cx.,Pipiens,F,22,0,22,1,0
CSU21615,LC-053,2023,35,2023-08-30,LC,L,Cx.,Tarsalis,F,0,27,27,1,0
CSU21529,FC-040gr,2023,35,2023-08-28,LC,G,Cx.,Pipiens,F,50,0,50,1,0
CSU21557,FC-014,2023,35,2023-08-28,LC,L,Cx.,Pipiens,F,0,22,22,1,0
CSU21586,FC-046,2023,35,2023-08-29,LC,L,Cx.,Pipiens,F,0,2,2,1,0
CSU21588,FC-047,2023,35,2023-08-29,LC,L,Cx.,Pipiens,F,0,3,3,1,0
CSU21606,FC-063gr,2023,35,2023-08-30,LC,G,Cx.,Pipiens,F,40,0,40,1,0
CSU21620,FC-062,2023,35,2023-08-31,LC,L,Cx.,Pipiens,F,0,1,1,1,0
CSU21634,FC-029gr,2023,35,2023-08-31,LC,G,Cx.,Pipiens,F,43,0,43,1,0
CSU21547,FC-072,2023,35,2023-08-28,LC,L,Cx.,Tarsalis,F,0,29,29,1,0
CSU21582,FC-023,2023,35,2023-08-29,LC,L,Cx.,Tarsalis,F,0,8,8,1,0
CSU21533,LV-095,2023,35,2023-08-28,LC,L,Cx.,Tarsalis,F,0,50,50,1,0
CSU21664,FC-029gr,2023,36,2023-09-06,LC,G,Cx.,Pipiens,F,5,0,5,1,0
CSU21675,FC-057,2023,36,2023-09-06,LC,L,Cx.,Pipiens,F,0,1,1,1,0
CSU21702,FC-063gr,2023,36,2023-09-07,LC,G,Cx.,Pipiens,F,36,0,36,1,0
CSU21710,FC-040gr,2023,37,2023-09-12,LC,G,Cx.,Pipiens,F,23,0,23,1,0
CSU21724,FC-092gr,2023,37,2023-09-12,LC,G,Cx.,Pipiens,F,19,0,19,1,0
CSU3859,NA,2013,23,NA,NA,NA,NA,NA,NA,0,0,0,1,0
CSU3861,NA,2013,23,NA,NA,NA,NA,NA,NA,0,0,0,1,0
CSU3864,NA,2013,23,NA,NA,NA,NA,NA,NA,0,0,0,1,0
CSU3867,NA,2013,23,NA,NA,NA,NA,NA,NA,0,0,0,1,0
CSU3883,NA,2013,23,NA,NA,NA,NA,NA,NA,0,0,0,1,0
CSU4030,NA,2013,26,NA,NA,NA,NA,NA,NA,0,0,0,1,1
CSU4076,NA,2013,27,NA,NA,NA,NA,NA,NA,0,0,0,1,1
CSU4091,NA,2013,27,NA,NA,NA,NA,NA,NA,0,0,0,1,1
CSU4193,NA,2013,28,NA,NA,NA,NA,NA,NA,0,0,0,1,1
CSU4209,NA,2013,28,NA,NA,NA,NA,NA,NA,0,0,0,1,1
CSU4210,NA,2013,28,NA,NA,NA,NA,NA,NA,0,0,0,1,1
CSU4234,NA,2013,28,NA,NA,NA,NA,NA,NA,0,0,0,1,1
CSU4237,NA,2013,28,NA,NA,NA,NA,NA,NA,0,0,0,1,1
CSU4243,NA,2013,28,NA,NA,NA,NA,NA,NA,0,0,0,1,1
CSU4247,NA,2013,28,NA,NA,NA,NA,NA,NA,0,0,0,1,1
CSU4253,NA,2013,28,NA,NA,NA,NA,NA,NA,0,0,0,1,1
CSU4285,NA,2013,28,NA,NA,NA,NA,NA,NA,0,0,0,1,1
CSU4289,NA,2013,28,NA,NA,NA,NA,NA,NA,0,0,0,1,1
CSU4336,NA,2013,29,NA,NA,NA,NA,NA,NA,0,0,0,1,1
CSU4352,NA,2013,29,NA,NA,NA,NA,NA,NA,0,0,0,1,1
CSU4365,NA,2013,29,NA,NA,NA,NA,NA,NA,0,0,0,1,1
CSU4372,NA,2013,29,NA,NA,NA,NA,NA,NA,0,0,0,1,1
CSU4377,NA,2013,29,NA,NA,NA,NA,NA,NA,0,0,0,1,1
CSU4384,NA,2013,29,NA,NA,NA,NA,NA,NA,0,0,0,1,1
CSU4385,NA,2013,29,NA,NA,NA,NA,NA,NA,0,0,0,1,1
CSU4391,NA,2013,29,NA,NA,NA,NA,NA,NA,0,0,0,1,1
CSU4395,NA,2013,29,NA,NA,NA,NA,NA,NA,0,0,0,1,1
CSU4396,NA,2013,29,NA,NA,NA,NA,NA,NA,0,0,0,1,1
CSU4399,NA,2013,29,NA,NA,NA,NA,NA,NA,0,0,0,1,0
CSU4400,NA,2013,29,NA,NA,NA,NA,NA,NA,0,0,0,1,0
CSU4407,NA,2013,29,NA,NA,NA,NA,NA,NA,0,0,0,1,0
CSU4413,NA,2013,29,NA,NA,NA,NA,NA,NA,0,0,0,1,1
CSU4434,NA,2013,29,NA,NA,NA,NA,NA,NA,0,0,0,1,1
CSU4437,NA,2013,29,NA,NA,NA,NA,NA,NA,0,0,0,1,1
CSU4439,NA,2013,29,NA,NA,NA,NA,NA,NA,0,0,0,1,1
CSU4441,NA,2013,29,NA,NA,NA,NA,NA,NA,0,0,0,1,1
CSU4450,NA,2013,29,NA,NA,NA,NA,NA,NA,0,0,0,1,1
CSU4455,NA,2013,29,NA,NA,NA,NA,NA,NA,0,0,0,1,1
CSU4456,NA,2013,29,NA,NA,NA,NA,NA,NA,0,0,0,1,1
CSU4470,NA,2013,29,NA,NA,NA,NA,NA,NA,0,0,0,1,1
CSU4473,NA,2013,29,NA,NA,NA,NA,NA,NA,0,0,0,1,1
CSU4474,NA,2013,29,NA,NA,NA,NA,NA,NA,0,0,0,1,1
CSU4485,NA,2013,29,NA,NA,NA,NA,NA,NA,0,0,0,1,1
CSU4488,NA,2013,29,NA,NA,NA,NA,NA,NA,0,0,0,1,1
CSU4491,NA,2013,29,NA,NA,NA,NA,NA,NA,0,0,0,1,1
CSU4496,NA,2013,29,NA,NA,NA,NA,NA,NA,0,0,0,1,1
CSU4498,NA,2013,29,NA,NA,NA,NA,NA,NA,0,0,0,1,1
CSU4501,NA,2013,29,NA,NA,NA,NA,NA,NA,0,0,0,1,1
CSU4507,NA,2013,29,NA,NA,NA,NA,NA,NA,0,0,0,1,1
CSU4509,NA,2013,29,NA,NA,NA,NA,NA,NA,0,0,0,1,1
CSU4515,NA,2013,29,NA,NA,NA,NA,NA,NA,0,0,0,1,1
CSU4522,NA,2013,29,NA,NA,NA,NA,NA,NA,0,0,0,1,1
CSU4523,NA,2013,29,NA,NA,NA,NA,NA,NA,0,0,0,1,1
CSU4535,NA,2013,30,NA,NA,NA,NA,NA,NA,0,0,0,1,1
CSU4543,NA,2013,30,NA,NA,NA,NA,NA,NA,0,0,0,1,1
CSU4556,NA,2013,30,NA,NA,NA,NA,NA,NA,0,0,0,1,1
CSU4563,NA,2013,30,NA,NA,NA,NA,NA,NA,0,0,0,1,1
CSU4566,NA,2013,30,NA,NA,NA,NA,NA,NA,0,0,0,1,1
CSU4570,NA,2013,30,NA,NA,NA,NA,NA,NA,0,0,0,1,1
CSU4588,NA,2013,30,NA,NA,NA,NA,NA,NA,0,0,0,1,1
CSU4589,NA,2013,30,NA,NA,NA,NA,NA,NA,0,0,0,1,1
CSU4592,NA,2013,30,NA,NA,NA,NA,NA,NA,0,0,0,1,1
CSU4593,NA,2013,30,NA,NA,NA,NA,NA,NA,0,0,0,1,1
CSU4598,NA,2013,30,NA,NA,NA,NA,NA,NA,0,0,0,1,1
CSU4601,NA,2013,30,NA,NA,NA,NA,NA,NA,0,0,0,1,1
CSU4606,NA,2013,30,NA,NA,NA,NA,NA,NA,0,0,0,1,1
CSU4607,NA,2013,30,NA,NA,NA,NA,NA,NA,0,0,0,1,1
CSU4614,NA,2013,30,NA,NA,NA,NA,NA,NA,0,0,0,1,0
CSU4615,NA,2013,30,NA,NA,NA,NA,NA,NA,0,0,0,1,0
CSU4616,NA,2013,30,NA,NA,NA,NA,NA,NA,0,0,0,1,0
CSU4622,NA,2013,30,NA,NA,NA,NA,NA,NA,0,0,0,1,0
CSU4624,NA,2013,30,NA,NA,NA,NA,NA,NA,0,0,0,1,0
CSU4626,NA,2013,30,NA,NA,NA,NA,NA,NA,0,0,0,1,1
CSU4629,NA,2013,30,NA,NA,NA,NA,NA,NA,0,0,0,1,1
CSU4632,NA,2013,30,NA,NA,NA,NA,NA,NA,0,0,0,1,1
CSU4639,NA,2013,30,NA,NA,NA,NA,NA,NA,0,0,0,1,1
CSU4641,NA,2013,30,NA,NA,NA,NA,NA,NA,0,0,0,1,1
CSU4642,NA,2013,30,NA,NA,NA,NA,NA,NA,0,0,0,1,1
CSU4643,NA,2013,30,NA,NA,NA,NA,NA,NA,0,0,0,1,1
CSU4664,NA,2013,30,NA,NA,NA,NA,NA,NA,0,0,0,1,1
CSU4684,NA,2013,30,NA,NA,NA,NA,NA,NA,0,0,0,1,1
CSU4688,NA,2013,30,NA,NA,NA,NA,NA,NA,0,0,0,1,1
CSU4689,NA,2013,30,NA,NA,NA,NA,NA,NA,0,0,0,1,1
CSU4690,NA,2013,30,NA,NA,NA,NA,NA,NA,0,0,0,1,1
CSU4693,NA,2013,30,NA,NA,NA,NA,NA,NA,0,0,0,1,1
CSU4700,NA,2013,30,NA,NA,NA,NA,NA,NA,0,0,0,1,1
CSU4701,NA,2013,30,NA,NA,NA,NA,NA,NA,0,0,0,1,1
CSU4702,NA,2013,30,NA,NA,NA,NA,NA,NA,0,0,0,1,1
CSU4703,NA,2013,30,NA,NA,NA,NA,NA,NA,0,0,0,1,1
CSU4713,NA,2013,30,NA,NA,NA,NA,NA,NA,0,0,0,1,1
CSU4714,NA,2013,30,NA,NA,NA,NA,NA,NA,0,0,0,1,1
CSU4746,NA,2013,31,NA,NA,NA,NA,NA,NA,0,0,0,1,1
CSU4756,NA,2013,31,NA,NA,NA,NA,NA,NA,0,0,0,1,1
CSU4759,NA,2013,31,NA,NA,NA,NA,NA,NA,0,0,0,1,0
CSU4760,NA,2013,31,NA,NA,NA,NA,NA,NA,0,0,0,1,0
CSU4763,NA,2013,31,NA,NA,NA,NA,NA,NA,0,0,0,1,1
CSU4768,NA,2013,31,NA,NA,NA,NA,NA,NA,0,0,0,1,1
CSU4769,NA,2013,31,NA,NA,NA,NA,NA,NA,0,0,0,1,1
CSU4776,NA,2013,31,NA,NA,NA,NA,NA,NA,0,0,0,1,1
CSU4781,NA,2013,31,NA,NA,NA,NA,NA,NA,0,0,0,1,0
CSU4782,NA,2013,31,NA,NA,NA,NA,NA,NA,0,0,0,1,0
CSU4788,NA,2013,31,NA,NA,NA,NA,NA,NA,0,0,0,1,1
CSU4808,NA,2013,31,NA,NA,NA,NA,NA,NA,0,0,0,1,1
CSU4812,NA,2013,31,NA,NA,NA,NA,NA,NA,0,0,0,1,1
CSU4813,NA,2013,31,NA,NA,NA,NA,NA,NA,0,0,0,1,1
CSU4838,NA,2013,31,NA,NA,NA,NA,NA,NA,0,0,0,1,1
CSU4842,NA,2013,31,NA,NA,NA,NA,NA,NA,0,0,0,1,1
CSU4847,NA,2013,31,NA,NA,NA,NA,NA,NA,0,0,0,1,1
CSU4854,NA,2013,31,NA,NA,NA,NA,NA,NA,0,0,0,1,1
CSU4857,NA,2013,31,NA,NA,NA,NA,NA,NA,0,0,0,1,1
CSU4858,NA,2013,31,NA,NA,NA,NA,NA,NA,0,0,0,1,1
CSU4860,NA,2013,31,NA,NA,NA,NA,NA,NA,0,0,0,1,1
CSU4862,NA,2013,31,NA,NA,NA,NA,NA,NA,0,0,0,1,1
CSU4870,NA,2013,32,NA,NA,NA,NA,NA,NA,0,0,0,1,1
CSU4875,NA,2013,32,NA,NA,NA,NA,NA,NA,0,0,0,1,1
CSU4887,NA,2013,32,NA,NA,NA,NA,NA,NA,0,0,0,1,1
CSU4899,NA,2013,32,NA,NA,NA,NA,NA,NA,0,0,0,1,1
CSU4908,NA,2013,32,NA,NA,NA,NA,NA,NA,0,0,0,1,1
CSU4911,NA,2013,32,NA,NA,NA,NA,NA,NA,0,0,0,1,1
CSU4912,NA,2013,32,NA,NA,NA,NA,NA,NA,0,0,0,1,1
CSU4916,NA,2013,32,NA,NA,NA,NA,NA,NA,0,0,0,1,1
CSU4919,NA,2013,32,NA,NA,NA,NA,NA,NA,0,0,0,1,1
CSU4924,NA,2013,32,NA,NA,NA,NA,NA,NA,0,0,0,1,1
CSU4927,NA,2013,32,NA,NA,NA,NA,NA,NA,0,0,0,1,0
CSU4928,NA,2013,32,NA,NA,NA,NA,NA,NA,0,0,0,1,0
CSU4929,NA,2013,32,NA,NA,NA,NA,NA,NA,0,0,0,1,0
CSU4931,NA,2013,32,NA,NA,NA,NA,NA,NA,0,0,0,1,1
CSU4932,NA,2013,32,NA,NA,NA,NA,NA,NA,0,0,0,1,1
CSU4934,NA,2013,32,NA,NA,NA,NA,NA,NA,0,0,0,1,1
CSU4936,NA,2013,32,NA,NA,NA,NA,NA,NA,0,0,0,1,1
CSU4937,NA,2013,32,NA,NA,NA,NA,NA,NA,0,0,0,1,1
CSU4940,NA,2013,32,NA,NA,NA,NA,NA,NA,0,0,0,1,1
CSU4946,NA,2013,32,NA,NA,NA,NA,NA,NA,0,0,0,1,1
CSU4947,NA,2013,32,NA,NA,NA,NA,NA,NA,0,0,0,1,1
CSU4950,NA,2013,32,NA,NA,NA,NA,NA,NA,0,0,0,1,1
CSU4955,NA,2013,32,NA,NA,NA,NA,NA,NA,0,0,0,1,1
CSU4956,NA,2013,32,NA,NA,NA,NA,NA,NA,0,0,0,1,1
CSU4960,NA,2013,32,NA,NA,NA,NA,NA,NA,0,0,0,1,1
CSU4964,NA,2013,32,NA,NA,NA,NA,NA,NA,0,0,0,1,1
CSU4965,NA,2013,32,NA,NA,NA,NA,NA,NA,0,0,0,1,1
CSU4967,NA,2013,32,NA,NA,NA,NA,NA,NA,0,0,0,1,1
CSU4974,NA,2013,32,NA,NA,NA,NA,NA,NA,0,0,0,1,1
CSU4975,NA,2013,32,NA,NA,NA,NA,NA,NA,0,0,0,1,1
CSU4978,NA,2013,32,NA,NA,NA,NA,NA,NA,0,0,0,1,1
CSU4979,NA,2013,32,NA,NA,NA,NA,NA,NA,0,0,0,1,1
CSU4981,NA,2013,32,NA,NA,NA,NA,NA,NA,0,0,0,1,1
CSU4983,NA,2013,32,NA,NA,NA,NA,NA,NA,0,0,0,1,1
CSU4987,NA,2013,32,NA,NA,NA,NA,NA,NA,0,0,0,1,1
CSU4989,NA,2013,32,NA,NA,NA,NA,NA,NA,0,0,0,1,1
CSU4991,NA,2013,32,NA,NA,NA,NA,NA,NA,0,0,0,1,1
CSU4993,NA,2013,32,NA,NA,NA,NA,NA,NA,0,0,0,1,1
CSU4994,NA,2013,32,NA,NA,NA,NA,NA,NA,0,0,0,1,1
CSU4999,NA,2013,32,NA,NA,NA,NA,NA,NA,0,0,0,1,1
CSU5001,NA,2013,32,NA,NA,NA,NA,NA,NA,0,0,0,1,1
CSU5003,NA,2013,32,NA,NA,NA,NA,NA,NA,0,0,0,1,1
CSU5004,NA,2013,32,NA,NA,NA,NA,NA,NA,0,0,0,1,1
CSU5005,NA,2013,32,NA,NA,NA,NA,NA,NA,0,0,0,1,1
CSU5010,NA,2013,32,NA,NA,NA,NA,NA,NA,0,0,0,1,1
CSU5024,NA,2013,32,NA,NA,NA,NA,NA,NA,0,0,0,1,1
CSU5028,NA,2013,32,NA,NA,NA,NA,NA,NA,0,0,0,1,1
CSU5032,NA,2013,32,NA,NA,NA,NA,NA,NA,0,0,0,1,1
CSU5039,NA,2013,32,NA,NA,NA,NA,NA,NA,0,0,0,1,1
CSU5049,NA,2013,33,NA,NA,NA,NA,NA,NA,0,0,0,1,1
CSU5051,NA,2013,33,NA,NA,NA,NA,NA,NA,0,0,0,1,1
CSU5059,NA,2013,33,NA,NA,NA,NA,NA,NA,0,0,0,1,1
CSU5063,NA,2013,33,NA,NA,NA,NA,NA,NA,0,0,0,1,1
CSU5070,NA,2013,33,NA,NA,NA,NA,NA,NA,0,0,0,1,1
CSU5071,NA,2013,33,NA,NA,NA,NA,NA,NA,0,0,0,1,1
CSU5073,NA,2013,33,NA,NA,NA,NA,NA,NA,0,0,0,1,1
CSU5076,NA,2013,33,NA,NA,NA,NA,NA,NA,0,0,0,1,1
CSU5078,NA,2013,33,NA,NA,NA,NA,NA,NA,0,0,0,1,1
CSU5108,NA,2013,33,NA,NA,NA,NA,NA,NA,0,0,0,1,1
CSU5111,NA,2013,33,NA,NA,NA,NA,NA,NA,0,0,0,1,1
CSU5126,NA,2013,33,NA,NA,NA,NA,NA,NA,0,0,0,1,1
CSU5142,NA,2013,33,NA,NA,NA,NA,NA,NA,0,0,0,1,1
CSU5162,NA,2013,33,NA,NA,NA,NA,NA,NA,0,0,0,1,1
CSU5166,NA,2013,33,NA,NA,NA,NA,NA,NA,0,0,0,1,1
CSU5177,NA,2013,34,NA,NA,NA,NA,NA,NA,0,0,0,1,1
CSU5181,NA,2013,34,NA,NA,NA,NA,NA,NA,0,0,0,1,1
CSU5183,NA,2013,34,NA,NA,NA,NA,NA,NA,0,0,0,1,1
CSU5193,NA,2013,34,NA,NA,NA,NA,NA,NA,0,0,0,1,1
CSU5198,NA,2013,34,NA,NA,NA,NA,NA,NA,0,0,0,1,1
CSU5200,NA,2013,34,NA,NA,NA,NA,NA,NA,0,0,0,1,1
CSU5201,NA,2013,34,NA,NA,NA,NA,NA,NA,0,0,0,1,1
CSU5210,NA,2013,34,NA,NA,NA,NA,NA,NA,0,0,0,1,1
CSU5236,NA,2013,34,NA,NA,NA,NA,NA,NA,0,0,0,1,1
CSU5243,NA,2013,34,NA,NA,NA,NA,NA,NA,0,0,0,1,1
CSU5255,NA,2013,34,NA,NA,NA,NA,NA,NA,0,0,0,1,1
CSU5266,NA,2013,34,NA,NA,NA,NA,NA,NA,0,0,0,1,1
CSU5268,NA,2013,34,NA,NA,NA,NA,NA,NA,0,0,0,1,1
CSU5269,NA,2013,34,NA,NA,NA,NA,NA,NA,0,0,0,1,1
CSU5271,NA,2013,34,NA,NA,NA,NA,NA,NA,0,0,0,1,1
CSU5274,NA,2013,34,NA,NA,NA,NA,NA,NA,0,0,0,1,1
CSU5284,NA,2013,34,NA,NA,NA,NA,NA,NA,0,0,0,1,1
CSU5297,NA,2013,34,NA,NA,NA,NA,NA,NA,0,0,0,1,1
CSU5301,NA,2013,35,NA,NA,NA,NA,NA,NA,0,0,0,1,1
CSU5306,NA,2013,35,NA,NA,NA,NA,NA,NA,0,0,0,1,1
CSU5308,NA,2013,35,NA,NA,NA,NA,NA,NA,0,0,0,1,1
CSU5313,NA,2013,35,NA,NA,NA,NA,NA,NA,0,0,0,1,1
CSU5320,NA,2013,35,NA,NA,NA,NA,NA,NA,0,0,0,1,1
CSU5325,NA,2013,35,NA,NA,NA,NA,NA,NA,0,0,0,1,1
CSU5344,NA,2013,35,NA,NA,NA,NA,NA,NA,0,0,0,1,1
CSU5349,NA,2013,35,NA,NA,NA,NA,NA,NA,0,0,0,1,1
CSU5358,NA,2013,35,NA,NA,NA,NA,NA,NA,0,0,0,1,1
CSU5359,NA,2013,35,NA,NA,NA,NA,NA,NA,0,0,0,1,1
CSU5360,NA,2013,35,NA,NA,NA,NA,NA,NA,0,0,0,1,1
CSU5361,NA,2013,35,NA,NA,NA,NA,NA,NA,0,0,0,1,1
CSU5368,NA,2013,35,NA,NA,NA,NA,NA,NA,0,0,0,1,1
CSU5369,NA,2013,35,NA,NA,NA,NA,NA,NA,0,0,0,1,1
CSU5384,NA,2013,35,NA,NA,NA,NA,NA,NA,0,0,0,1,1
CSU5385,NA,2013,35,NA,NA,NA,NA,NA,NA,0,0,0,1,1
CSU5386,NA,2013,35,NA,NA,NA,NA,NA,NA,0,0,0,1,1
CSU5392,NA,2013,35,NA,NA,NA,NA,NA,NA,0,0,0,1,1
CSU5952,NA,2014,30,NA,NA,NA,Cx,tarsalis,NA,0,0,0,1,1
CSU6017,NA,2014,30,NA,NA,NA,Cx,tarsalis,NA,0,0,0,1,1
CSU6034,NA,2014,30,NA,NA,NA,Cx,tarsalis,NA,0,0,0,1,1
CSU6058,NA,2014,30,NA,NA,NA,Cx,tarsalis,NA,0,0,0,1,1
CSU6099,NA,2014,30,NA,NA,NA,Cx,tarsalis,NA,0,0,0,1,1
CSU6189,NA,2014,31,NA,NA,NA,Cx,tarsalis,NA,0,0,0,1,1
CSU6192,NA,2014,31,NA,NA,NA,Cx,tarsalis,NA,0,0,0,1,1
CSU6194,NA,2014,31,NA,NA,NA,Cx,tarsalis,NA,0,0,0,1,1
CSU6226,NA,2014,31,NA,NA,NA,Cx,tarsalis,NA,0,0,0,1,1
CSU6262,NA,2014,31,NA,NA,NA,Cx,tarsalis,NA,0,0,0,1,1
CSU6272,NA,2014,31,NA,NA,NA,Cx,tarsalis,NA,0,0,0,1,1
CSU6290,NA,2014,31,NA,NA,NA,Cx,tarsalis,NA,0,0,0,1,1
CSU6306,NA,2014,31,NA,NA,NA,Cx,tarsalis,NA,0,0,0,1,1
CSU6318,NA,2014,31,NA,NA,NA,Cx,tarsalis,NA,0,0,0,1,1
CSU6326,NA,2014,31,NA,NA,NA,Cx,tarsalis,NA,0,0,0,1,1
CSU6327,NA,2014,31,NA,NA,NA,Cx,tarsalis,NA,0,0,0,1,1
CSU6347,NA,2014,31,NA,NA,NA,Cx,tarsalis,NA,0,0,0,1,1
CSU6354,NA,2014,32,NA,NA,NA,Cx,pipiens,NA,0,0,0,1,1
CSU6355,NA,2014,32,NA,NA,NA,Cx,pipiens,NA,0,0,0,1,1
CSU6371,NA,2014,32,NA,NA,NA,Cx,pipiens,NA,0,0,0,1,1
CSU6372,NA,2014,32,NA,NA,NA,Cx,pipiens,NA,0,0,0,1,1
CSU6377,NA,2014,32,NA,NA,NA,Cx,tarsalis,NA,0,0,0,1,1
CSU6387,NA,2014,32,NA,NA,NA,Cx,tarsalis,NA,0,0,0,1,1
CSU6389,NA,2014,32,NA,NA,NA,Cx,tarsalis,NA,0,0,0,1,1
CSU6453,NA,2014,32,NA,NA,NA,Cx,tarsalis,NA,0,0,0,1,1
CSU6485,NA,2014,32,NA,NA,NA,Cx,pipiens,NA,0,0,0,1,1
CSU6490,NA,2014,32,NA,NA,NA,Cx,tarsalis,NA,0,0,0,1,1
CSU6492,NA,2014,32,NA,NA,NA,Cx,tarsalis,NA,0,0,0,1,1
CSU6508,NA,2014,32,NA,NA,NA,Cx,tarsalis,NA,0,0,0,1,1
CSU6534,NA,2014,32,NA,NA,NA,Cx,tarsalis,NA,0,0,0,1,1
CSU6535,NA,2014,32,NA,NA,NA,Cx,tarsalis,NA,0,0,0,1,1
CSU6537,NA,2014,32,NA,NA,NA,Cx,tarsalis,NA,0,0,0,1,1
CSU6548,NA,2014,32,NA,NA,NA,Cx,tarsalis,NA,0,0,0,1,1
CSU6556,NA,2014,32,NA,NA,NA,Cx,tarsalis,NA,0,0,0,1,1
CSU6563,NA,2014,32,NA,NA,NA,Cx,tarsalis,NA,0,0,0,1,1
CSU6569,NA,2014,32,NA,NA,NA,Cx,tarsalis,NA,0,0,0,1,1
CSU6578,NA,2014,32,NA,NA,NA,Cx,tarsalis,NA,0,0,0,1,1
CSU6579,NA,2014,32,NA,NA,NA,Cx,tarsalis,NA,0,0,0,1,1
CSU6598,NA,2014,32,NA,NA,NA,Cx,pipiens,NA,0,0,0,1,1
CSU6599,NA,2014,32,NA,NA,NA,Cx,pipiens,NA,0,0,0,1,1
CSU6607,NA,2014,32,NA,NA,NA,Cx,pipiens,NA,0,0,0,1,1
CSU6618,NA,2014,32,NA,NA,NA,Cx,pipiens,NA,0,0,0,1,1
CSU6627,NA,2014,32,NA,NA,NA,Cx,tarsalis,NA,0,0,0,1,1
CSU6628,NA,2014,32,NA,NA,NA,Cx,pipiens,NA,0,0,0,1,1
CSU6653,NA,2014,33,NA,NA,NA,Cx,tarsalis,NA,0,0,0,1,1
CSU6691,NA,2014,33,NA,NA,NA,Cx,tarsalis,NA,0,0,0,1,1
CSU6692,NA,2014,33,NA,NA,NA,Cx,pipiens,NA,0,0,0,1,1
CSU6708,NA,2014,33,NA,NA,NA,Cx,pipiens,NA,0,0,0,1,1
CSU6712,NA,2014,33,NA,NA,NA,Cx,pipiens,NA,0,0,0,1,1
CSU6732,NA,2014,33,NA,NA,NA,Cx,tarsalis,NA,0,0,0,1,1
CSU6752,NA,2014,33,NA,NA,NA,Cx,pipiens,NA,0,0,0,1,1
CSU6762,NA,2014,33,NA,NA,NA,Cx,pipiens,NA,0,0,0,1,1
CSU6784,NA,2014,33,NA,NA,NA,Cx,pipiens,NA,0,0,0,1,1
CSU6800,NA,2014,33,NA,NA,NA,Cx,pipiens,NA,0,0,0,1,1
CSU6803,NA,2014,33,NA,NA,NA,Cx,pipiens,NA,0,0,0,1,1
CSU6807,NA,2014,33,NA,NA,NA,Cx,pipiens,NA,0,0,0,1,1
CSU6822,NA,2014,33,NA,NA,NA,Cx,tarsalis,NA,0,0,0,1,1
CSU6825,NA,2014,33,NA,NA,NA,Cx,tarsalis,NA,0,0,0,1,1
CSU6836,NA,2014,33,NA,NA,NA,Cx,tarsalis,NA,0,0,0,1,1
CSU6869,NA,2014,34,NA,NA,NA,Cx,tarsalis,NA,0,0,0,1,1
CSU6892,NA,2014,34,NA,NA,NA,Cx,pipiens,NA,0,0,0,1,1
CSU6933,NA,2014,34,NA,NA,NA,Cx,pipiens,NA,0,0,0,1,1
CSU6934,NA,2014,34,NA,NA,NA,Cx,pipiens,NA,0,0,0,1,1
CSU6937,NA,2014,34,NA,NA,NA,Cx,tarsalis,NA,0,0,0,1,1
CSU6942,NA,2014,34,NA,NA,NA,Cx,tarsalis,NA,0,0,0,1,1
CSU6944,NA,2014,34,NA,NA,NA,Cx,pipiens,NA,0,0,0,1,1
CSU6958,NA,2014,34,NA,NA,NA,Cx,pipiens,NA,0,0,0,1,1
CSU6961,NA,2014,34,NA,NA,NA,Cx,tarsalis,NA,0,0,0,1,1
CSU6841,NA,2014,34,NA,NA,NA,Cx,tarsalis,NA,0,0,0,1,1
CSU6893,NA,2014,34,NA,NA,NA,Cx,tarsalis,NA,0,0,0,1,1
CSU6980,NA,2014,35,NA,NA,NA,Cx,pipiens,NA,0,0,0,1,1
CSU6989,NA,2014,35,NA,NA,NA,Cx,tarsalis,NA,0,0,0,1,1
CSU7009,NA,2014,35,NA,NA,NA,Cx,tarsalis,NA,0,0,0,1,1
CSU7013,NA,2014,35,NA,NA,NA,Cx,tarsalis,NA,0,0,0,1,1
CSU7028,NA,2014,35,NA,NA,NA,Cx,pipiens,NA,0,0,0,1,1
